
-- columns 'ctg_id','tax_id','contig_acc','contig_ver','contig_name','contig_chr','contig_start','contig_end','orient','contig_gi','group_term','group_label','contig_label','primary_fl','genbank_gi','genbank_acc','genbank_ver','build_id','build_ver','last_updated_time','placement_status','asm_acc','asm_version','chr_gi','par_fl','top_level_fl','gen_rgn','contig_length'
INSERT INTO b148_contiginfo VALUES ('269932270',9913,'NW_003104565',1,'NW_003104565.1','24',489078,4399136,0,'269932270','Primary_Assembly','Bos_taurus_UMD_3.1.1','',1,'270038175','GJ062830',1,105,0,'2016-05-13 08:21:00',1,'GCF_000003055',6,'258513343',NULL,0,'',3910059)
INSERT INTO b148_contiginfo VALUES ('957812986',9913,'NW_014646631',1,'NW_014646631.1','24',493374,4420900,0,'957812986','Primary_Assembly','Btau_5.0.1','',1,'953700944','KQ559382',1,105,0,'2016-05-13 08:21:00',1,'GCF_000003205',7,'957815993',NULL,0,'',3927527)
INSERT INTO b148_contiginfo VALUES ('269932343',9913,'NW_003104492',1,'NW_003104492.1','19',19932543,24767320,0,'269932343','Primary_Assembly','Bos_taurus_UMD_3.1.1','',1,'270038380','GJ062625',1,105,0,'2016-05-13 08:21:00',1,'GCF_000003055',6,'258513348',NULL,0,'',4834778)
INSERT INTO b148_contiginfo VALUES ('957813377',9913,'NW_014646451',1,'NW_014646451.1','19',20058197,24900265,0,'957813377','Primary_Assembly','Btau_5.0.1','',1,'953701124','KQ559202',1,105,0,'2016-05-13 08:21:00',1,'GCF_000003205',7,'957815998',NULL,0,'',4842069)
INSERT INTO b148_contiginfo VALUES ('60101824',9913,'NC_006853',1,'NC_006853.1','MT',0,16337,0,'60101824','non-nuclear','Bos_taurus_UMD_3.1.1','',0,'42521312','AY526085',1,105,0,'2016-05-13 08:21:00',1,'GCF_000003055',6,'60101824',NULL,1,'',16338)
INSERT INTO b148_contiginfo VALUES ('258456444',9913,'NW_003101167',1,'NW_003101167.1','',NULL,NULL,NULL,'258456444','Primary_Assembly','Bos_taurus_UMD_3.1.1','',1,'257360116','GJ060422',1,105,0,'2016-05-13 08:21:00',3,'GCF_000003055',6,NULL,NULL,1,'',739)
INSERT INTO b148_contiginfo VALUES ('258456445',9913,'NW_003101166',1,'NW_003101166.1','',NULL,NULL,NULL,'258456445','Primary_Assembly','Bos_taurus_UMD_3.1.1','',1,'257360117','GJ060421',1,105,0,'2016-05-13 08:21:00',3,'GCF_000003055',6,NULL,NULL,1,'',1015)
INSERT INTO b148_contiginfo VALUES ('258456446',9913,'NW_003101165',1,'NW_003101165.1','',NULL,NULL,NULL,'258456446','Primary_Assembly','Bos_taurus_UMD_3.1.1','',1,'257360118','GJ060420',1,105,0,'2016-05-13 08:21:00',3,'GCF_000003055',6,NULL,NULL,1,'',934)
INSERT INTO b148_contiginfo VALUES ('258456447',9913,'NW_003101164',1,'NW_003101164.1','',NULL,NULL,NULL,'258456447','Primary_Assembly','Bos_taurus_UMD_3.1.1','',1,'257360119','GJ060419',1,105,0,'2016-05-13 08:21:00',3,'GCF_000003055',6,NULL,NULL,1,'',1016)
INSERT INTO b148_contiginfo VALUES ('258456448',9913,'NW_003101163',1,'NW_003101163.1','',NULL,NULL,NULL,'258456448','Primary_Assembly','Bos_taurus_UMD_3.1.1','',1,'257360120','GJ060418',1,105,0,'2016-05-13 08:21:00',3,'GCF_000003055',6,NULL,NULL,1,'',956)
INSERT INTO b148_contiginfo VALUES ('258456449',9913,'NW_003101162',1,'NW_003101162.1','',NULL,NULL,NULL,'258456449','Primary_Assembly','Bos_taurus_UMD_3.1.1','',1,'257360121','GJ060417',1,105,0,'2016-05-13 08:21:00',3,'GCF_000003055',6,NULL,NULL,1,'',1665)
INSERT INTO b148_contiginfo VALUES ('258456450',9913,'NW_003101161',1,'NW_003101161.1','',NULL,NULL,NULL,'258456450','Primary_Assembly','Bos_taurus_UMD_3.1.1','',1,'257360122','GJ060416',1,105,0,'2016-05-13 08:21:00',3,'GCF_000003055',6,NULL,NULL,1,'',951)
INSERT INTO b148_contiginfo VALUES ('258456451',9913,'NW_003101160',1,'NW_003101160.1','',NULL,NULL,NULL,'258456451','Primary_Assembly','Bos_taurus_UMD_3.1.1','',1,'257360123','GJ060415',1,105,0,'2016-05-13 08:21:00',3,'GCF_000003055',6,NULL,NULL,1,'',978)
INSERT INTO b148_contiginfo VALUES ('258456452',9913,'NW_003101159',1,'NW_003101159.1','',NULL,NULL,NULL,'258456452','Primary_Assembly','Bos_taurus_UMD_3.1.1','',1,'257360124','GJ060414',1,105,0,'2016-05-13 08:21:00',3,'GCF_000003055',6,NULL,NULL,1,'',1098)
INSERT INTO b148_contiginfo VALUES ('258456453',9913,'NW_003101158',1,'NW_003101158.1','',NULL,NULL,NULL,'258456453','Primary_Assembly','Bos_taurus_UMD_3.1.1','',1,'257360125','GJ060413',1,105,0,'2016-05-13 08:21:00',3,'GCF_000003055',6,NULL,NULL,1,'',1335)
INSERT INTO b148_contiginfo VALUES ('258456454',9913,'NW_003101157',1,'NW_003101157.1','',NULL,NULL,NULL,'258456454','Primary_Assembly','Bos_taurus_UMD_3.1.1','',1,'257360126','GJ060412',1,105,0,'2016-05-13 08:21:00',3,'GCF_000003055',6,NULL,NULL,1,'',1058)
INSERT INTO b148_contiginfo VALUES ('258456455',9913,'NW_003101156',1,'NW_003101156.1','',NULL,NULL,NULL,'258456455','Primary_Assembly','Bos_taurus_UMD_3.1.1','',1,'257360127','GJ060411',1,105,0,'2016-05-13 08:21:00',3,'GCF_000003055',6,NULL,NULL,1,'',955)
INSERT INTO b148_contiginfo VALUES ('258456456',9913,'NW_003101155',1,'NW_003101155.1','',NULL,NULL,NULL,'258456456','Primary_Assembly','Bos_taurus_UMD_3.1.1','',1,'257360128','GJ060410',1,105,0,'2016-05-13 08:21:00',3,'GCF_000003055',6,NULL,NULL,1,'',947)
INSERT INTO b148_contiginfo VALUES ('258456457',9913,'NW_003101154',1,'NW_003101154.1','',NULL,NULL,NULL,'258456457','Primary_Assembly','Bos_taurus_UMD_3.1.1','',1,'257360129','GJ060409',1,105,0,'2016-05-13 08:21:00',3,'GCF_000003055',6,NULL,NULL,1,'',1301)
INSERT INTO b148_contiginfo VALUES ('258456458',9913,'NW_003101153',1,'NW_003101153.1','',NULL,NULL,NULL,'258456458','Primary_Assembly','Bos_taurus_UMD_3.1.1','',1,'257360130','GJ060408',1,105,0,'2016-05-13 08:21:00',3,'GCF_000003055',6,NULL,NULL,1,'',1008)
INSERT INTO b148_contiginfo VALUES ('258456459',9913,'NW_003101152',1,'NW_003101152.1','',NULL,NULL,NULL,'258456459','Primary_Assembly','Bos_taurus_UMD_3.1.1','',1,'257360131','GJ060407',1,105,0,'2016-05-13 08:21:00',3,'GCF_000003055',6,NULL,NULL,1,'',982)
INSERT INTO b148_contiginfo VALUES ('258456460',9913,'NW_003101151',1,'NW_003101151.1','',NULL,NULL,NULL,'258456460','Primary_Assembly','Bos_taurus_UMD_3.1.1','',1,'257360132','GJ060406',1,105,0,'2016-05-13 08:21:00',3,'GCF_000003055',6,NULL,NULL,1,'',1001)
INSERT INTO b148_contiginfo VALUES ('258456461',9913,'NW_003101150',1,'NW_003101150.1','',NULL,NULL,NULL,'258456461','Primary_Assembly','Bos_taurus_UMD_3.1.1','',1,'257360133','GJ060405',1,105,0,'2016-05-13 08:21:00',3,'GCF_000003055',6,NULL,NULL,1,'',921)
INSERT INTO b148_contiginfo VALUES ('258456462',9913,'NW_003101149',1,'NW_003101149.1','',NULL,NULL,NULL,'258456462','Primary_Assembly','Bos_taurus_UMD_3.1.1','',1,'257360134','GJ060404',1,105,0,'2016-05-13 08:21:00',3,'GCF_000003055',6,NULL,NULL,1,'',1005)
INSERT INTO b148_contiginfo VALUES ('957814352',9913,'NW_014645941',1,'NW_014645941.1','12',773599,8536325,0,'957814352','Primary_Assembly','Btau_5.0.1','',1,'953701634','KQ558692',1,105,0,'2016-05-13 08:21:00',1,'GCF_000003205',7,'957816005',NULL,0,'',7762727)


-- columns 'snp_id','avg_heterozygosity','het_se','create_time','last_updated_time','cpg_code','tax_id','validation_status','exemplar_subsnp_id','univar_id','cnt_subsnp','map_property'
INSERT INTO snp values (17870373,NULL,NULL,'2004-11-30 17:30:00','2015-11-10 12:08:53.26',NULL,9913,0,28450714,3,1,NULL)
INSERT INTO snp values (17870234,NULL,NULL,'2004-11-30 17:29:00','2015-11-10 12:08:53.26',NULL,9913,0,28450575,200,1,NULL)
INSERT INTO snp values (722030155,NULL,NULL,'2015-01-16 11:08:31.683','2015-11-11 07:28:13.81',NULL,9913,0,1435500687,35,1,NULL)
INSERT INTO snp values (722030156,NULL,NULL,'2015-01-16 11:08:31.683','2015-11-11 07:28:13.81',NULL,9913,1,1434865898,35,3,NULL)
INSERT INTO snp values (722030157,NULL,NULL,'2015-01-16 11:08:31.683','2015-11-11 07:46:24.457',NULL,9913,1,1456974038,3,3,NULL)
INSERT INTO snp values (722030158,NULL,NULL,'2015-01-16 11:08:31.683','2015-11-11 07:49:40.797',NULL,9913,0,1512499202,40,1,NULL)
INSERT INTO snp values (722030159,NULL,NULL,'2015-01-16 11:08:31.683','2015-11-11 07:26:24.337',NULL,9913,0,1433164302,2,1,NULL)
INSERT INTO snp values (722030160,NULL,NULL,'2015-01-16 11:08:31.683','2015-11-11 07:40:32.833',NULL,9913,0,1450268041,2,1,NULL)
INSERT INTO snp values (722030161,NULL,NULL,'2015-01-16 11:08:31.683','2015-11-11 07:54:27.237',NULL,9913,0,1521897924,2,1,NULL)
INSERT INTO snp values (722030162,NULL,NULL,'2015-01-16 11:08:31.683','2015-11-11 07:28:13.81',NULL,9913,1,1435885375,2,2,NULL)
INSERT INTO snp values (722030163,NULL,NULL,'2015-01-16 11:08:31.683','2015-11-11 07:21:36.627',NULL,9913,0,1402944234,2,1,NULL)
INSERT INTO snp values (722030164,NULL,NULL,'2015-01-16 11:08:31.683','2015-11-11 07:36:38.587',NULL,9913,1,1445464228,25,2,NULL)

-- columns 'snp_type','snp_id','ctg_id','asn_from','asn_to','lf_ngbr','rf_ngbr','lc_ngbr','rc_ngbr','loc_type','phys_pos_from','snp_bld_id','last_updated_time','process_status','orientation','allele','loc_sts_uid','aln_quality','num_mism','num_del','num_ins','tier'
INSERT INTO b148_snpcontigloc VALUES ('rs',17870373,'269932270',3273395,3273396,NULL,NULL,3273395,3273396,3,3762473,148,'2016-05-25 14:23:00',128,0,'-',NULL,'1',NULL,NULL,NULL,NULL)
INSERT INTO b148_snpcontigloc VALUES ('rs',17870373,'957812986',3283132,3283133,NULL,NULL,3283132,3283133,3,3776506,148,'2016-05-25 14:23:00',128,0,'-',NULL,'1',NULL,NULL,NULL,NULL)
INSERT INTO b148_snpcontigloc VALUES ('rs',17870234,'269932343',3462315,3462318,NULL,NULL,3462314,3462319,1,23394858,148,'2016-05-25 14:23:00',128,0,'GCAA',NULL,'1',NULL,NULL,NULL,NULL)
INSERT INTO b148_snpcontigloc VALUES ('rs',17870234,'957813377',3468523,3468526,NULL,NULL,3468522,3468527,1,23526720,148,'2016-05-25 14:23:00',128,0,'GCAA',NULL,'1',NULL,NULL,NULL,NULL)
INSERT INTO b148_snpcontigloc VALUES ('rs',722030155,'269932525',2995801,2995801,NULL,NULL,2995800,2995802,2,3901932,148,'2016-05-25 14:23:00',128,0,'T',NULL,'1',NULL,NULL,NULL,NULL)
INSERT INTO b148_snpcontigloc VALUES ('rs',722030155,'957814352',3161348,3161348,NULL,NULL,3161347,3161349,2,3934947,148,'2016-05-25 14:23:00',128,0,'T',NULL,'1',NULL,NULL,NULL,NULL)
INSERT INTO b148_snpcontigloc VALUES ('rs',722030156,'269932542',18482409,18482409,NULL,NULL,18482408,18482410,2,36352958,148,'2016-05-25 14:23:00',128,0,'T',NULL,'1',NULL,NULL,NULL,NULL)
INSERT INTO b148_snpcontigloc VALUES ('rs',722030156,'957814424',18526253,18526253,NULL,NULL,18526252,18526254,2,36509528,148,'2016-05-25 14:23:00',128,0,'T',NULL,'1',NULL,NULL,NULL,NULL)
INSERT INTO b148_snpcontigloc VALUES ('rs',722030157,'269932624',1827983,1827984,NULL,NULL,1827983,1827984,3,58479122,148,'2016-05-25 14:23:00',128,0,'-',NULL,'1',NULL,NULL,NULL,NULL)
INSERT INTO b148_snpcontigloc VALUES ('rs',722030157,'957814794',1828607,1828608,NULL,NULL,1828607,1828608,3,58773237,148,'2016-05-25 14:23:00',128,0,'-',NULL,'1',NULL,NULL,NULL,NULL)
INSERT INTO b148_snpcontigloc VALUES ('rs',722030158,'269933219',754420,754420,NULL,NULL,754419,754421,2,96707970,148,'2016-05-25 14:23:00',128,0,'G',NULL,'1',NULL,NULL,NULL,NULL)
INSERT INTO b148_snpcontigloc VALUES ('rs',722030158,'957815725',752532,752532,NULL,NULL,752531,752533,2,97032533,148,'2016-05-25 14:23:00',128,0,'G',NULL,'1',NULL,NULL,NULL,NULL)
INSERT INTO b148_snpcontigloc VALUES ('rs',722030159,'269933347',10147742,10147742,NULL,NULL,10147741,10147743,2,108635708,148,'2016-05-25 14:23:00',128,0,'G',NULL,'1',NULL,NULL,NULL,NULL)
INSERT INTO b148_snpcontigloc VALUES ('rs',722030159,'957815910',10180883,10180883,NULL,NULL,10180882,10180884,2,109039626,148,'2016-05-25 14:23:00',128,0,'G',NULL,'1',NULL,NULL,NULL,NULL)
INSERT INTO b148_snpcontigloc VALUES ('rs',722030160,'269933184',12925951,12925951,NULL,NULL,12925950,12925952,2,60543970,148,'2016-05-25 14:23:00',128,0,'A',NULL,'1',NULL,NULL,NULL,NULL)
INSERT INTO b148_snpcontigloc VALUES ('rs',722030160,'957815658',12945304,12945304,NULL,NULL,12945303,12945305,2,60731568,148,'2016-05-25 14:23:00',128,0,'A',NULL,'1',NULL,NULL,NULL,NULL)
INSERT INTO b148_snpcontigloc VALUES ('rs',722030161,'269932523',5434492,5434492,NULL,NULL,5434491,5434493,2,37634220,148,'2016-05-25 14:23:00',128,0,'G',NULL,'1',NULL,NULL,NULL,NULL)
INSERT INTO b148_snpcontigloc VALUES ('rs',722030161,'957814324',5430390,5430390,NULL,NULL,5430389,5430391,2,37727726,148,'2016-05-25 14:23:00',128,0,'G',NULL,'1',NULL,NULL,NULL,NULL)
INSERT INTO b148_snpcontigloc VALUES ('rs',722030162,'269932520',3482112,3482112,NULL,NULL,3482111,3482113,2,47028339,148,'2016-05-25 14:23:00',128,0,'A',NULL,'1',NULL,NULL,NULL,NULL)
INSERT INTO b148_snpcontigloc VALUES ('rs',722030162,'957814314',3489762,3489762,NULL,NULL,3489761,3489763,2,47145316,148,'2016-05-25 14:23:00',128,0,'A',NULL,'1',NULL,NULL,NULL,NULL)
INSERT INTO b148_snpcontigloc VALUES ('rs',722030163,'269933203',638940,638940,NULL,NULL,638939,638941,2,8985564,148,'2016-05-25 14:23:00',128,0,'G',NULL,'1',NULL,NULL,NULL,NULL)
INSERT INTO b148_snpcontigloc VALUES ('rs',722030163,'957815702',641210,641210,NULL,NULL,641209,641211,2,8995608,148,'2016-05-25 14:23:00',128,0,'G',NULL,'1',NULL,NULL,NULL,NULL)
INSERT INTO b148_snpcontigloc VALUES ('rs',722030164,'269932263',7741344,7741344,NULL,NULL,7741343,7741345,2,19251877,148,'2016-05-25 14:23:00',128,0,'T',NULL,'1',NULL,NULL,NULL,NULL)
INSERT INTO b148_snpcontigloc VALUES ('rs',722030164,'957812947',7813349,7813349,NULL,NULL,7813348,7813350,2,19367386,148,'2016-05-25 14:23:00',128,0,'T',NULL,'1',NULL,NULL,NULL,NULL)


-- columns 'subsnp_id','snp_id','substrand_reversed_flag','create_time','last_updated_time','build_id','comment'
INSERT INTO snpsubsnplink VALUES (9805774,8193041,0,'2003-08-28 17:24:00','2003-08-28 17:24:00',117,'')
INSERT INTO snpsubsnplink VALUES (9805775,8193042,0,'2003-08-28 17:24:00','2003-08-28 17:24:00',117,'')
INSERT INTO snpsubsnplink VALUES (9805776,8193043,0,'2003-08-28 17:24:00','2003-08-28 17:24:00',117,'')
INSERT INTO snpsubsnplink VALUES (9805777,8193044,0,'2003-08-28 17:24:00','2003-08-28 17:24:00',117,'')
INSERT INTO snpsubsnplink VALUES (9805778,8193045,0,'2003-08-28 17:24:00','2003-08-28 17:24:00',117,'')
INSERT INTO snpsubsnplink VALUES (9805779,8193046,0,'2003-08-28 17:24:00','2003-08-28 17:24:00',117,'')
INSERT INTO snpsubsnplink VALUES (9805780,8193047,0,'2003-08-28 17:24:00','2003-08-28 17:24:00',117,'')
INSERT INTO snpsubsnplink VALUES (9805781,8193048,0,'2003-08-28 17:24:00','2003-08-28 17:24:00',117,'')
INSERT INTO snpsubsnplink VALUES (9805782,8193049,0,'2003-08-28 17:24:00','2003-08-28 17:24:00',117,'')
INSERT INTO snpsubsnplink VALUES (9805783,8193050,0,'2003-08-28 17:24:00','2003-08-28 17:24:00',117,'')
INSERT INTO snpsubsnplink VALUES (9805784,8193051,0,'2003-08-28 17:24:00','2003-08-28 17:24:00',117,'')
INSERT INTO snpsubsnplink VALUES (9805785,8193052,0,'2003-08-28 17:24:00','2003-08-28 17:24:00',117,'')
INSERT INTO snpsubsnplink VALUES (9805786,8193053,0,'2003-08-28 17:24:00','2003-08-28 17:24:00',117,'')
INSERT INTO snpsubsnplink VALUES (9805787,8193054,0,'2003-08-28 17:24:00','2003-08-28 17:24:00',117,'')
INSERT INTO snpsubsnplink VALUES (9805788,8193055,0,'2003-08-28 17:24:00','2003-08-28 17:24:00',117,'')
INSERT INTO snpsubsnplink VALUES (9805789,8193056,0,'2003-08-28 17:24:00','2003-08-28 17:24:00',117,'')
INSERT INTO snpsubsnplink VALUES (9805790,8193057,0,'2003-08-28 17:24:00','2003-08-28 17:24:00',117,'')
INSERT INTO snpsubsnplink VALUES (9805791,8193058,0,'2003-08-28 17:24:00','2003-08-28 17:24:00',117,'')
INSERT INTO snpsubsnplink VALUES (9805792,8193059,0,'2003-08-28 17:24:00','2003-08-28 17:24:00',117,'')
INSERT INTO snpsubsnplink VALUES (9805793,8193060,0,'2003-08-28 17:24:00','2003-08-28 17:24:00',117,'')
INSERT INTO snpsubsnplink VALUES (1435500687,722030155,0,'2015-01-16 10:03:37.167','2015-01-16 10:03:37.167',143,'RSM:ss->ss')
INSERT INTO snpsubsnplink VALUES (28450714,17870373,0,'2004-11-30 17:30:00','2004-11-30 17:30:00',124,'')
INSERT INTO snpsubsnplink VALUES (28450575,17870234,0,'2004-11-30 17:29:00','2004-11-30 17:29:00',124,'')


-- columns 'subsnp_id','known_snp_handle','known_snp_loc_id','known_snp_loc_id_upp','batch_id','loc_snp_id','loc_snp_id_upp','synonym_names','loc_sts_id','loc_sts_id_upp','segregate','indiv_homozygosity_detected','pcr_confirmed_ind','gene_name','sequence_len','samplesize','expressed_sequence_ind','somatic_ind','sub_locus_id','create_time','last_updated_time','ancestral_allele','cpg_code','variation_id','top_or_bot_strand','validation_status','snp_id','tax_id','chr_id'
INSERT INTO subsnp VALUES (679523068,' ',' ',' ',1059097,'1_13684700','1_13684700','.',' ',' ','?','?','?','.',101,86,'?','?',0,'2013-01-19 17:45:00','2013-01-22 14:43:00',' ',NULL,1523933,'',1,NULL,9913,NULL)
INSERT INTO subsnp VALUES (679523069,' ',' ',' ',1059097,'1_63856395','1_63856395','.',' ',' ','?','?','?','.',101,86,'?','?',0,'2013-01-19 17:45:00','2013-01-22 14:43:00',' ',NULL,1524284,'',1,NULL,9913,NULL)
INSERT INTO subsnp VALUES (679523070,' ',' ',' ',1059097,'1_453497','1_453497','.',' ',' ','?','?','?','.',101,86,'?','?',0,'2013-01-19 17:45:00','2013-01-22 14:43:00',' ',NULL,1524284,'',1,NULL,9913,NULL)
INSERT INTO subsnp VALUES (679523071,' ',' ',' ',1058951,'1_23435439','1_23435439','.',' ',' ','?','?','?','.',101,86,'?','?',0,'2013-01-19 17:45:00','2013-01-22 14:43:00',' ',NULL,306,'',1,NULL,9913,NULL)
INSERT INTO subsnp VALUES (679523072,' ',' ',' ',1059097,'1_153413910','1_153413910','.',' ',' ','?','?','?','.',101,86,'?','?',0,'2013-01-19 17:45:00','2013-01-22 14:43:00',' ',NULL,1524477,'',1,NULL,9913,NULL)
INSERT INTO subsnp VALUES (679523073,' ',' ',' ',1059097,'1_23503350','1_23503350','.',' ',' ','?','?','?','.',101,86,'?','?',0,'2013-01-19 17:45:00','2013-01-22 14:43:00',' ',NULL,1524451,'',1,NULL,9913,NULL)
INSERT INTO subsnp VALUES (679523074,' ',' ',' ',1058951,'1_5277309','1_5277309','.',' ',' ','?','?','?','.',101,86,'?','?',0,'2013-01-19 17:45:00','2013-01-22 14:43:00',' ',NULL,272,'',1,NULL,9913,NULL)
INSERT INTO subsnp VALUES (679523075,' ',' ',' ',1059097,'1_74525908','1_74525908','.',' ',' ','?','?','?','.',101,86,'?','?',0,'2013-01-19 17:45:00','2013-01-22 14:43:00',' ',NULL,1524478,'',1,NULL,9913,NULL)
INSERT INTO subsnp VALUES (679523076,' ',' ',' ',1059097,'1_23329246','1_23329246','.',' ',' ','?','?','?','.',101,86,'?','?',0,'2013-01-19 17:45:00','2013-01-22 14:43:00',' ',NULL,1524479,'',1,NULL,9913,NULL)
INSERT INTO subsnp VALUES (679523077,' ',' ',' ',1059097,'1_14106596','1_14106596','.',' ',' ','?','?','?','.',101,86,'?','?',0,'2013-01-19 17:45:00','2013-01-22 14:43:00',' ',NULL,1523855,'',1,NULL,9913,NULL)
INSERT INTO subsnp VALUES (679523078,' ',' ',' ',1058951,'1_88964001','1_88964001','.',' ',' ','?','?','?','.',101,86,'?','?',0,'2013-01-19 17:45:00','2013-01-22 14:43:00',' ',NULL,258,'',1,NULL,9913,NULL)
INSERT INTO subsnp VALUES (679523079,' ',' ',' ',1059097,'1_31396686','1_31396686','.',' ',' ','?','?','?','.',101,86,'?','?',0,'2013-01-19 17:45:00','2013-01-22 14:43:00',' ',NULL,1524480,'',1,NULL,9913,NULL)
INSERT INTO subsnp VALUES (679523080,' ',' ',' ',1059097,'1_118806925','1_118806925','.',' ',' ','?','?','?','.',101,86,'?','?',0,'2013-01-19 17:45:00','2013-01-22 14:43:00',' ',NULL,1523941,'',1,NULL,9913,NULL)
INSERT INTO subsnp VALUES (679523081,' ',' ',' ',1058951,'1_151018340','1_151018340','.',' ',' ','?','?','?','.',101,86,'?','?',0,'2013-01-19 17:45:00','2013-01-22 14:43:00',' ',NULL,137,'',1,NULL,9913,NULL)
INSERT INTO subsnp VALUES (679523082,' ',' ',' ',1059097,'1_130346029','1_130346029','.',' ',' ','?','?','?','.',101,86,'?','?',0,'2013-01-19 17:45:00','2013-01-22 14:43:00',' ',NULL,1523964,'',1,NULL,9913,NULL)
INSERT INTO subsnp VALUES (679523083,' ',' ',' ',1058951,'1_154242792','1_154242792','.',' ',' ','?','?','?','.',101,86,'?','?',0,'2013-01-19 17:45:00','2013-01-22 14:43:00',' ',NULL,243,'',1,NULL,9913,NULL)
INSERT INTO subsnp VALUES (679523084,' ',' ',' ',1059097,'1_157566170','1_157566170','.',' ',' ','?','?','?','.',101,86,'?','?',0,'2013-01-19 17:45:00','2013-01-22 14:43:00',' ',NULL,1524481,'',1,NULL,9913,NULL)
INSERT INTO subsnp VALUES (679523085,' ',' ',' ',1059097,'1_14524458','1_14524458','.',' ',' ','?','?','?','.',101,86,'?','?',0,'2013-01-19 17:45:00','2013-01-22 14:43:00',' ',NULL,1524482,'',1,NULL,9913,NULL)
INSERT INTO subsnp VALUES (679523086,' ',' ',' ',1059097,'1_62046987','1_62046987','.',' ',' ','?','?','?','.',101,86,'?','?',0,'2013-01-19 17:45:00','2013-01-22 14:43:00',' ',NULL,1523841,'',1,NULL,9913,NULL)
INSERT INTO subsnp VALUES (679523087,' ',' ',' ',1059097,'1_47854108','1_47854108','.',' ',' ','?','?','?','.',101,86,'?','?',0,'2013-01-19 17:45:00','2013-01-22 14:43:00',' ',NULL,1524483,'',1,NULL,9913,NULL)
INSERT INTO subsnp VALUES (1435500687,' ',' ',' ',1061978,'12.3901933>C','12.3901933>C','.',' ',' ','?','?','?','.',51,64,'?','?',0,'2014-11-06 21:17:00','2014-11-06 21:17:00',' ',NULL,13,'B',0,NULL,9913,NULL)
INSERT INTO subsnp VALUES (28450714,' ',' ',' ',11966,'10103-10104:1001519757:1:686-688','10103-10104:1001519757:1:686-688',' ',' ',' ','?','Y','Y',' ',287,8,'?','?',0,'2004-07-06 16:40:00','2004-07-06 16:40:00',' ',0,38,'T',1,17870373,9913,NULL)
INSERT INTO subsnp VALUES (28450575,' ',' ',' ',11966,'3218-3219:966881440:1:305-310','3218-3219:966881440:1:305-310',' ',' ',' ','?','Y','Y',' ',511,8,'?','?',0,'2004-07-06 16:40:00','2004-07-06 16:40:00',' ',0,342,'B',1,17870234,9913,NULL)
