-- columns ctg_id, tax_id, contig_acc, contig_ver, contig_name, contig_chr, contig_start, contig_end, orient, contig_gi, group_term, group_label, contig_label, primary_fl, genbank_gi, genbank_acc, genbank_ver, build_id, build_ver, last_updated_time, placement_status, asm_acc, asm_version, chr_gi, par_fl, top_level_fl, gen_rgn, contig_length
INSERT INTO b150_contiginfo VALUES (966748913, 9031, 'NT_455866', 1, 'NT_455866.1', '4', 89457489, 91282655, 0, 966748913, 'Primary_Assembly', 'Gallus_gallus-5.0', NULL, 1, 964013695, 'KQ759087', 1, 103, 0, '2016-08-31 08:03:00.000', 1, 'GCF_000002315', 4, 966749128, NULL, 0, NULL, 1825167);
INSERT INTO b150_contiginfo VALUES (966740651, 9031, 'NT_464114', 1, 'NT_464114.1', 'LGE64', NULL, NULL, NULL, 966740651, 'Primary_Assembly', 'Gallus_gallus-5.0', NULL, 1, 963275947, 'AADN04005929', 1, 103, 0, '2016-08-31 08:03:00.000', 2, 'GCF_000002315', 4, 966749097, NULL, 1, NULL, 12754);
INSERT INTO b150_contiginfo VALUES (966748672, 9031, 'NT_456093', 1, 'NT_456093.1', 'LGE64', 856351, 897575, 1, 966748672, 'Primary_Assembly', 'Gallus_gallus-5.0', NULL, 1, 964011153, 'KQ759333', 1, 103, 0, '2016-08-31 08:03:00.000', 1, 'GCF_000002315', 4, 966749097, NULL, 0, NULL, 41225);
INSERT INTO b150_contiginfo VALUES (966748673, 9031, 'NT_456092', 1, 'NT_456092.1', 'LGE64', 429077, 856250, 0, 966748673, 'Primary_Assembly', 'Gallus_gallus-5.0', NULL, 1, 964011158, 'KQ759332', 1, 103, 0, '2016-08-31 08:03:00.000', 1, 'GCF_000002315', 4, 966749097, NULL, 0, NULL, 427174);
INSERT INTO b150_contiginfo VALUES (966748945, 9031, 'NT_455837', 1, 'NT_455837.1', '3', 36431259, 58844808, 1, 966748945, 'Primary_Assembly', 'Gallus_gallus-4.0', NULL, 1, 964013905, 'KQ759055', 1, 103, 0, '2016-08-31 08:03:00.000', 1, 'GCF_000002315', 4, 966749129, NULL, 0, NULL, 22413550);
INSERT INTO b150_contiginfo VALUES (966749050, 9031, 'NT_455737', 1, 'NT_455737.1', '1', 103533980, 106770469, 0, 966749050, 'Primary_Assembly', 'Gallus_gallus-5.0', NULL, 1, 964014586, 'KQ758950', 1, 103, 0, '2016-08-31 08:03:00.000', 1, 'GCF_000002315', 4, 966749131, NULL, 0, NULL, 3236490);
INSERT INTO b150_contiginfo VALUES (966748924, 9031, 'NW_001471685', 3, 'NW_001471685.3', '4', 28164967, 59309093, 1, 966748924, 'Primary_Assembly', 'Gallus_gallus-5.0', NULL, 1, 964013766, 'KQ759076', 1, 103, 0, '2016-08-31 08:03:00.000', 1, 'GCF_000002315', 4, 966749128, NULL, 0, NULL, 31144127);
INSERT INTO b150_contiginfo VALUES(966748761, 9031, 'NT_456010', 1, 'NT_456010.1', '25', 53858, 196450, 1, 966748761, 'Primary_Assembly', 'Gallus_gallus-5.0', NULL, 1, 964012733, 'KQ759239', 1, 103, 0, '2016-08-31 08:03:00.000', 1, 'GCF_000002315', 4, 966749107, NULL, 0, NULL, 142593);
INSERT INTO b150_contiginfo VALUES(966748942, 9031, 'NT_455840', 1, 'NT_455840.1', '3', 60870744, 63765558, 0, 966748942, 'Primary_Assembly', 'Gallus_gallus-5.0', NULL, 1, 964013888, 'KQ759058', 1, 103, 0, '2016-08-31 08:03:00.000', 1, 'GCF_000002315', 4, 966749129, NULL, 0, NULL, 2894815);
INSERT INTO b150_contiginfo VALUES (966749049, 9031, 'NT_455738',1,'NT_455738.1','1',106770570,111381270,1,966749049,'Primary_Assembly','Gallus_gallus-5.0',NULL,1,964014548,'KQ758951',1,103,0,'2016-08-31 08:03:00',1,'GCF_000002315',4,966749131,NULL,0,NULL,4610701);


-- columns snp_id, avg_heterozygosity, het_se, create_time, last_updated_time, cpg_code, tax_id, validation_status, exemplar_subsnp_id, univar_id, cnt_subsnp, map_property
INSERT INTO snp VALUES (13677177, 0.611111104, 0.124225996, '2004-07-02 16:03:00.000', '2017-05-05 16:40:15.803', NULL, 9031, 3, 26201546, 128, 3, NULL);
INSERT INTO snp VALUES (13808689, 0.5, 0, '2004-07-02 16:03:00.000', '2015-03-27 13:06:41.95', NULL, 9031, 3, 25920661, 570, 2, NULL);
INSERT INTO snp VALUES (739617577, NULL, NULL, '2015-03-25 15:37:00.000', '2015-03-25 15:36:57.023', NULL, 9031, NULL, 1540359250, 238, 1, NULL);
INSERT INTO snp VALUES (13511401, 0.625, 0.125, '2004-07-02 16:03:00.000', '2017-05-05 15:41:16.507', NULL, 9031, 3, 191122885, 146, 9, NULL);
INSERT INTO snp VALUES (733889725, NULL, NULL, '2015-03-25 15:37:00.000', '2017-05-05 14:55:28.727', NULL, 9031, 1, 1394569659, 25, 3, NULL);
INSERT INTO snp VALUES(1060492716, NULL, NULL, '2017-05-01 18:33:00.000', '2017-05-01 18:32:41.950', NULL, 9031, NULL, 2018365557, 15, 1, NULL);
INSERT INTO snp VALUES(1060492473, NULL, NULL, '2017-05-01 18:33:00.000', '2017-05-01 18:32:41.950', NULL, 9031, NULL, 2586460929, 35, 1, NULL);
INSERT INTO snp VALUES (3136863,0.5,0,'2002-04-10 21:07:00','2017-05-05 16:34:08.087',NULL,9031,3,4387083,25,9,NULL);
INSERT INTO snp VALUES (3136864,0.5,0,'2002-04-10 21:07:00','2017-05-05 16:34:08.087',NULL,9031,3,4387084,35,10,NULL);
INSERT INTO snp VALUES (3136865,0.5,0,'2002-04-10 21:07:00','2017-05-05 16:34:08.087',NULL,9031,3,4387085,25,7,NULL);


-- columns snp_type, snp_id, ctg_id, asn_from, asn_to, lf_ngbr, rf_ngbr, lc_ngbr, rc_ngbr, loc_type, phys_pos_from, snp_bld_id, last_updated_time, process_status, orientation, allele, loc_sts_uid, aln_quality, num_mism, num_del, num_ins, tier
INSERT INTO b150_snpcontigloc VALUES ('rs', 13677177, 966748913, 1766471, 1766471, NULL, NULL, 1766470, 1766472, 2, 91223960, 147, '2016-03-09 10:58:00.000', 128, 0, 'T', NULL, 1, NULL, NULL, NULL, NULL);
INSERT INTO b150_snpcontigloc VALUES ('rs', 13808689, 966740651, 4944, 4948, NULL, NULL, 4943, 4949, 1, NULL, 147, '2016-03-09 10:58:00.000', 128, 1, 'CCTGA', NULL, 1, NULL, NULL, NULL, NULL);
INSERT INTO b150_snpcontigloc VALUES ('rs', 13808689, 966748672, 38772, 38776, NULL, NULL, 38771, 38777, 1, 858799, 147, '2016-03-09 10:58:00.000', 128, 1, 'CCTGA', NULL, 1, NULL, NULL, NULL, NULL);
INSERT INTO b150_snpcontigloc VALUES ('rs', 13808689, 966748673, 409649, 409653, NULL, NULL, 409648, 409654, 1, 838726, 147, '2016-03-09 10:58:00.000', 128, 0, 'TCAGG', NULL, 1, NULL, NULL, NULL, NULL);
INSERT INTO b150_snpcontigloc VALUES ('rs', 739617577, 966748945, 11724979, 11724982, NULL, NULL, 11724978, 11724983, 1, 47119826, 147, '2016-03-09 10:58:00.000', 128, 1, 'CCGA', NULL, 1, NULL, NULL, NULL, NULL);
INSERT INTO b150_snpcontigloc VALUES ('rs', 13511401, 966749050, 3052890, 3052890, NULL, NULL, 3052889, 3052891, 2, 106586870, 147, '2016-03-09 10:58:00.000', 128, 0, 'G', NULL, 1, NULL, NULL, NULL, NULL);
INSERT INTO b150_snpcontigloc VALUES ('rs', 733889725, 966748924, 18660224, 18660224, NULL, NULL, 18660223, 18660225, 2, 40648869, 147, '2016-03-09 10:58:00.000', 128, 1, 'A', NULL, 1, NULL, NULL, NULL, NULL);
INSERT INTO b150_snpcontigloc VALUES('rs', 1060492716, 966748761, 107452, 107453, NULL, NULL, 107452, 107453, 3, 88999, 150, '2017-05-01 13:04:00.000', 128, 0, '-', NULL, 1, NULL, NULL, NULL, NULL);
INSERT INTO b150_snpcontigloc VALUES('rs', 1060492473, 966748942, 2810631, 2810631, NULL, NULL, 2810630, 2810632, 2, 63681375, 150, '2017-05-01 13:04:00.000', 128, 1, 'A', NULL, 1, NULL, NULL, NULL, NULL);
INSERT INTO b150_snpcontigloc VALUES ('rs', 3136863, 966749049, 3431873,3431873,NULL,NULL,3431872,3431874,2,107949397,147,'2016-03-09 10:58:00',128,0,'T',NULL,1,NULL,NULL,NULL,NULL);
INSERT INTO b150_snpcontigloc VALUES ('rs', 3136864, 966749049, 3431912,3431912,NULL,NULL,3431911,3431913,2,107949358,147,'2016-03-09 10:58:00',128,0,'T',NULL,1,NULL,NULL,NULL,NULL);
INSERT INTO b150_snpcontigloc VALUES ('rs', 3136865, 966749049, 3431973,3431973,NULL,NULL,3431972,3431974,2,107949297,147,'2016-03-09 10:58:00',128,0,'G',NULL,1,NULL,NULL,NULL,NULL);


-- 'batch_id','handle','loc_batch_id','loc_batch_id_upp','batch_type','status','simul_sts_status','moltype','method_id','samplesize','synonym_type','submitted_time','linkout_url','pop_id','last_updated_time','success_rate_int','build_id','tax_id','ss_cnt'
INSERT INTO batch VALUES (11977,'UUPDK','2004RJ','2004RJ','SNP',0,0,'cDNA',2372,2,' ','2004-07-07 00:00:00',' ',1332,'2004-07-07 15:30:00',0,122,9031,5332);
INSERT INTO batch VALUES (12068,'BGI','CHICKEN_SNPs_SILKIE','CHICKEN_SNPS_SILKIE','IND',0,0,'NA',2330,0,'','2004-07-20 00:00:00',' ',NULL,'2004-07-20 15:16:00',0,122,9031,1425066);
INSERT INTO batch VALUES (12069,'BGI','CHICKEN_SNPs_LAYER','CHICKEN_SNPS_LAYER','IND',0,0,'NA',2330,0,'','2004-07-20 00:00:00',' ',NULL,'2004-07-20 15:21:00',0,122,9031,1009693);
INSERT INTO batch VALUES (12070,'BGI','CHICKEN_SNPs_BROILER','CHICKEN_SNPS_BROILER','IND',0,0,'NA',2330,0,'','2004-07-20 00:00:00',' ',NULL,'2004-07-20 15:25:00',0,122,9031,1190072);
INSERT INTO batch VALUES (59768,'AGB-LAB-SCAU','2008-march-13A','2008-MARCH-13A','SNP',0,0,'Genomic',10195,12,' ','2008-03-14 10:42:00',' ',10089,'2008-03-14 10:42:00',0,129,9031,6);
INSERT INTO batch VALUES (11825,'BGI','CHICKEN_SNPs_Broiler','CHICKEN_SNPS_BROILER','SNP',0,0,'GENOMIC',2330,8,' ','2004-06-22 00:00:00',' ',1324,'2004-06-22 14:58:00',0,122,9031,1190072);
INSERT INTO batch VALUES (11828,'BGI','CHICKEN_SNPs_Layer','CHICKEN_SNPS_LAYER','SNP',0,0,'GENOMIC',2330,8,' ','2004-06-24 00:00:00',' ',1324,'2004-06-24 11:13:00',0,122,9031,1009693);
INSERT INTO batch VALUES (11831,'BGI','CHICKEN_SNPs_Silkie','CHICKEN_SNPS_SILKIE','SNP',0,0,'GENOMIC',2330,8,' ','2004-06-24 00:00:00',' ',1324,'2004-06-24 14:41:00',0,122,9031,1424987);
INSERT INTO batch VALUES (1050036,'CFG-UPPSALA','chick_wgs_reseq_paper_chr1','CHICK_WGS_RESEQ_PAPER_CHR1','SNP',0,0,'Genomic',13067,176,' ','2010-02-02 15:46:00',' ',12971,'2010-02-07 23:12:00',99,132,9031,1399581);
INSERT INTO batch VALUES (1059308,'CNU_JH_AMG','Korean_chicken_G53','KOREAN_CHICKEN_G53','SNP',0,0,'Genomic',15019,10,' ','2013-06-14 17:31:00',' ',NULL,'2014-06-13 15:24:00',0,136,9031,4048193);
INSERT INTO batch VALUES (1059311,'CNU_JH_AMG','Korean_chicken_R16','KOREAN_CHICKEN_R16','SNP',0,0,'Genomic',15019,10,' ','2013-06-18 00:15:00',' ',NULL,'2014-06-13 15:35:00',0,136,9031,3909670);
INSERT INTO batch VALUES (1059312,'CNU_JH_AMG','Korean_chicken_W03','KOREAN_CHICKEN_W03','SNP',0,0,'Genomic',15019,10,' ','2013-06-18 08:16:00',' ',NULL,'2014-06-13 15:39:00',0,136,9031,4106074);
INSERT INTO batch VALUES (1061908,'UMR1348-GG','WGS_SNP','WGS_SNP','SNP',0,0,'Genomic',16252,2,' ','2014-09-26 17:59:00',' ',NULL,'2014-09-26 18:00:00',0,140,9031,9046713);
INSERT INTO batch VALUES (1062063,'DWBURT','Chicken_15m_SNP_dwburt','CHICKEN_15M_SNP_DWBURT','SNP',0,0,'Genomic',16319,326,' ','2015-01-21 12:38:00',' ',NULL,'2015-01-22 10:37:00',0,140,9031,15310407);
INSERT INTO batch VALUES (1062064,'DWBURT','Chicken_Indel_dwburt','CHICKEN_INDEL_DWBURT','SNP',0,0,'Genomic',16320,326,' ','2015-01-21 12:38:00',' ',NULL,'2015-05-22 10:55:00',0,140,9031,874625);
INSERT INTO batch VALUES (1062434,'LBA_ESALQ','SNP_28TTCC_CB','SNP_28TTCC_CB','SNP',0,0,'Genomic',14615,56,' ','2016-03-18 15:22:00',' ',NULL,'2016-06-27 09:05:00',0,147,9031,13449339);
INSERT INTO batch VALUES (1062453,'LBA_ESALQ','INDEL_28TTCC_CB','INDEL_28TTCC_CB','SNP',0,0,'Genomic',14615,56,' ','2016-04-08 11:06:00',' ',NULL,'2016-06-27 14:32:00',0,147,9031,1335890);


-- 'pop_id','handle','loc_pop_id','loc_pop_id_upp','create_time','last_updated_time','src_id'
INSERT INTO population VALUES (1324,'BGI','RBLS','RBLS','2004-06-22 14:34:00','2004-06-22 14:34:00',NULL);


-- columns subsnp_id, snp_id, substrand_reversed_flag, create_time, last_updated_time, build_id, comment
INSERT INTO snpsubsnplink VALUES (26201546, 13677177, 0, '2004-07-02 15:53:00.000', '2004-07-02 15:53:00.000', 122, NULL);
INSERT INTO snpsubsnplink VALUES (26954817, 13677177, 1, '2004-07-02 16:01:00.000', '2010-03-25 21:23:00.000', 131, NULL);
INSERT INTO snpsubsnplink VALUES (26963037, 13677177, 0, '2004-07-02 15:53:00.000', '2004-07-02 15:53:00.000', 122, NULL);
INSERT INTO snpsubsnplink VALUES (25920661, 13808689, 0, '2004-07-02 15:53:00.000', '2004-07-02 15:53:00.000', 122, NULL);
INSERT INTO snpsubsnplink VALUES (25920795, 13808689, 0, '2004-07-02 15:53:00.000', '2004-07-02 15:53:00.000', 122, NULL);
INSERT INTO snpsubsnplink VALUES (1540359250, 739617577, 0, '2015-03-25 15:23:36.217', '2015-03-25 15:23:36.217', 144, 'RSM:ss->ss');
INSERT INTO snpsubsnplink VALUES (24937730, 13511401, 0, '2004-07-02 15:53:00.000', '2004-07-02 15:53:00.000', 122, NULL);
INSERT INTO snpsubsnplink VALUES (26113051, 13511401, 0, '2004-07-02 15:53:00.000', '2004-07-02 15:53:00.000', 122, NULL);
INSERT INTO snpsubsnplink VALUES (191122885, 13511401, 0, '2013-03-13 14:08:05.723', '2013-03-13 14:08:05.723', 138, 'RSM:ss->rs');
INSERT INTO snpsubsnplink VALUES (804689841, 13511401, 0, '2015-06-29 10:46:50.837', '2015-06-29 10:46:50.837', 145, 'RSM:ss->rs');
INSERT INTO snpsubsnplink VALUES (815826380, 13511401, 0, '2015-06-29 10:46:50.837', '2015-06-29 10:46:50.837', 145, 'RSM:ss->rs');
INSERT INTO snpsubsnplink VALUES (819584037, 13511401, 0, '2015-06-29 10:46:50.837', '2015-06-29 10:46:50.837', 145, 'RSM:ss->rs');
INSERT INTO snpsubsnplink VALUES (1538825774, 13511401, 0, '2015-03-25 15:20:55.003', '2015-03-25 15:20:55.003', 144, 'RSM:ss->rs');
INSERT INTO snpsubsnplink VALUES (1973379013, 13511401, 0, '2017-05-01 16:19:57.270', '2017-05-01 16:19:57.270', 150, 'RSM:ss->rs');
INSERT INTO snpsubsnplink VALUES (2585929502, 13511401, 0, '2017-05-01 16:19:57.270', '2017-05-01 16:19:57.270', 150, 'RSM:ss->rs');
INSERT INTO snpsubsnplink VALUES (1394569659, 733889725, 0, '2015-03-25 15:23:36.217', '2015-03-25 15:23:36.217', 144, 'RSM:ss->ss');
INSERT INTO snpsubsnplink VALUES (1545309244, 733889725, 0, '2015-03-25 15:23:36.217', '2015-03-25 15:23:36.217', 144, 'RSM:ss->ss');
INSERT INTO snpsubsnplink VALUES (1978722740, 733889725, 0, '2017-05-01 16:19:57.270', '2017-05-01 16:19:57.270', 150, 'RSM:ss->rs');
INSERT INTO snpsubsnplink VALUES(2018365557, 1060492716, 0, '2017-05-01 17:30:48.340', '2017-05-01 17:30:48.340', 150, 'RSM:ss->ss');
INSERT INTO snpsubsnplink VALUES(2586460929, 1060492473, 0, '2017-05-01 17:30:48.340', '2017-05-01 17:30:48.340', 150, 'RSM:ss->ss');
INSERT INTO snpsubsnplink VALUES (24939613, 3136865, 1, '2004-07-02 15:53:00', '2004-07-02 15:53:00',122,NULL);
INSERT INTO snpsubsnplink VALUES (24939614, 3136864, 1, '2004-07-02 15:53:00', '2004-07-02 15:53:00',122,NULL);
INSERT INTO snpsubsnplink VALUES (24939615, 3136863, 1, '2004-07-02 15:53:00', '2004-07-02 15:53:00',122,NULL);

-- columns subsnp_id, known_snp_handle, known_snp_loc_id, known_snp_loc_id_upp, batch_id, loc_snp_id, loc_snp_id_upp, synonym_names, loc_sts_id, loc_sts_id_upp, segregate, indiv_homozygosity_detected, pcr_confirmed_ind, gene_name, sequence_len, samplesize, expressed_sequence_ind, somatic_ind, sub_locus_id, create_time, last_updated_time, ancestral_allele, cpg_code, variation_id, top_or_bot_strand, validation_status, snp_id, tax_id, chr_id
INSERT INTO subsnp VALUES (26201546, ' ', ' ', ' ', 11825, 'snp.46.161.27439.S.2', 'SNP.46.161.27439.S.2', ' ', ' ', ' ', '?', '?', '?', ' ', 81, 8, '?', '?', 0, '2004-06-24 12:10:00.000', '2004-08-05 15:30:00.000', ' ', 0, 16, 'T', 3, 13677177, 9031, 28);
INSERT INTO subsnp VALUES (26954817, ' ', ' ', ' ', 11825, 'snp.147.73.779.S.3', 'SNP.147.73.779.S.3', ' ', ' ', ' ', '?', '?', '?', ' ', 81, 8, '?', '?', 0, '2004-06-24 17:58:00.000', '2004-08-05 15:32:00.000', ' ', 4, 20, 'T', 3, 15554969, 9031, 28);
INSERT INTO subsnp VALUES (26963037, ' ', ' ', ' ', 11825, 'snp.46.161.27439.S.3', 'SNP.46.161.27439.S.3', ' ', ' ', ' ', '?', '?', '?', ' ', 81, 8, '?', '?', 0, '2004-06-24 18:04:00.000', '2004-08-05 15:32:00.000', ' ', 0, 16, 'T', 3, 13677177, 9031, 28);
INSERT INTO subsnp VALUES (25920661, ' ', ' ', ' ', 11825, 'snp.24851.1.563.D.1', 'SNP.24851.1.563.D.1', ' ', ' ', ' ', '?', '?', '?', ' ', 81, 8, '?', '?', 0, '2004-06-23 21:19:00.000', '2004-08-05 15:29:00.000', ' ', 0, 13946, 'B', 3, 13808689, 9031, 28);
INSERT INTO subsnp VALUES (25920795, ' ', ' ', ' ', 11825, 'snp.24938.1.334.D.1', 'SNP.24938.1.334.D.1', ' ', ' ', ' ', '?', '?', '?', ' ', 81, 8, '?', '?', 0, '2004-06-23 21:20:00.000', '2004-08-05 15:29:00.000', ' ', 0, 13946, 'B', 3, 13808689, 9031, 28);
INSERT INTO subsnp VALUES (1540359250, ' ', ' ', ' ', 1062064, '3_46315457', '3_46315457', '.', ' ', ' ', '?', '?', '?', '.', 51, 326, '?', '?', 0, '2015-01-21 17:13:00.000', '2015-01-21 17:13:00.000', ' ', NULL, 11680, NULL, 1, NULL, 9031, NULL);
INSERT INTO subsnp VALUES (24937730, ' ', ' ', ' ', 11825, 'snp.26.122.14589.S.1', 'SNP.26.122.14589.S.1', ' ', ' ', ' ', '?', '?', '?', ' ', 81, 8, '?', '?', 0, '2004-06-22 15:26:00.000', '2004-08-05 15:27:00.000', ' ', 0, 17, 'B', 3, 13511401, 9031, 28);
INSERT INTO subsnp VALUES (26113051, ' ', ' ', ' ', 11828, 'snp.26.122.14589.S.2', 'SNP.26.122.14589.S.2', ' ', ' ', ' ', '?', '?', '?', ' ', 81, 8, '?', '?', 0, '2004-06-24 11:36:00.000', '2004-08-05 15:30:00.000', ' ', 4, 20, 'T', 3, 13511401, 9031, 28);
INSERT INTO subsnp VALUES (191122885, ' ', ' ', ' ', 1050036, 'crp2009_1_110043951', 'CRP2009_1_110043951', '.', ' ', ' ', '?', '?', '?', '.', 101, 176, '?', 'N', 0, '2010-02-07 09:29:00.000', '2010-02-07 09:29:00.000', ' ', NULL, 17, 'B', 1, NULL, 9031, NULL);
INSERT INTO subsnp VALUES (804689841, ' ', ' ', ' ', 1059308, 'KG53snp_0418826_1_105966426', 'KG53SNP_0418826_1_105966426', '.', ' ', ' ', '?', '?', '?', '.', 51, 10, '?', '?', 0, '2013-06-14 18:13:00.000', '2013-06-14 18:13:00.000', ' ', NULL, 20, 'T', 1, NULL, 9031, NULL);
INSERT INTO subsnp VALUES (815826380, ' ', ' ', ' ', 1059311, 'KR16snp_2672264_1_105966426', 'KR16SNP_2672264_1_105966426', '.', ' ', ' ', '?', '?', '?', '.', 51, 10, '?', '?', 0, '2013-06-18 05:54:00.000', '2013-06-18 05:54:00.000', ' ', NULL, 20, 'T', 1, NULL, 9031, NULL);
INSERT INTO subsnp VALUES (819584037, ' ', ' ', ' ', 1059312, 'KW03snp_2576287_1_105966426', 'KW03SNP_2576287_1_105966426', '.', ' ', ' ', '?', '?', '?', '.', 51, 10, '?', '?', 0, '2013-06-18 13:26:00.000', '2013-06-18 13:26:00.000', ' ', NULL, 17, 'B', 1, NULL, 9031, NULL);
INSERT INTO subsnp VALUES (1538825774, ' ', ' ', ' ', 1062063, 'Chr1_106890625', 'CHR1_106890625', '.', ' ', ' ', '?', '?', '?', '.', 51, 326, '?', '?', 0, '2015-01-21 15:11:00.000', '2015-01-21 15:11:00.000', ' ', NULL, 20, 'T', 1, NULL, 9031, NULL);
INSERT INTO subsnp VALUES (1973379013, ' ', ' ', ' ', 1062434, 'Chr1_105966426', 'CHR1_105966426', '.', ' ', ' ', '?', '?', '?', '.', 51, 56, '?', '?', 0, '2016-03-18 16:48:00.000', '2016-03-18 16:48:00.000', ' ', NULL, 133, NULL, 1, NULL, 9031, NULL);
INSERT INTO subsnp VALUES (2585929502, NULL, NULL, NULL, 1062702, 'SNV99099', 'SNV99099', NULL, NULL, NULL, '?', NULL, NULL, NULL, 51, 156, NULL, NULL, NULL, '2016-12-12 16:45:00.000', '2016-12-12 16:45:00.000', NULL, NULL, 17, NULL, NULL, NULL, 9031, NULL);
INSERT INTO subsnp VALUES (1394569659, ' ', ' ', ' ', 1061908, '4_41777577_WGS_UMR1348-GG', '4_41777577_WGS_UMR1348-GG', '.', ' ', ' ', '?', '?', '?', '.', 51, 2, '?', '?', 0, '2014-09-27 02:20:00.000', '2014-09-27 02:20:00.000', ' ', NULL, 11, 'B', 1, NULL, 9031, NULL);
INSERT INTO subsnp VALUES (1545309244, ' ', ' ', ' ', 1062063, 'Chr4_39982791', 'CHR4_39982791', '.', ' ', ' ', '?', '?', '?', '.', 51, 326, '?', '?', 0, '2015-01-22 00:03:00.000', '2015-01-22 00:03:00.000', ' ', NULL, 11, 'B', 1, NULL, 9031, NULL);
INSERT INTO subsnp VALUES (1978722740, ' ', ' ', ' ', 11825, 'Chr4_39818121', 'CHR4_39818121', '.', ' ', ' ', '?', '?', '?', '.', 51, 56, '?', '?', 0, '2016-03-18 22:40:00.000', '2016-03-18 22:40:00.000', ' ', NULL, 11, 'B', 1, NULL, 9031, NULL);
INSERT INTO subsnp VALUES(2018365557, ' ', ' ', ' ', 11825, 'Chr25_114864', 'CHR25_114864', '.', ' ', ' ', '?', '?', '?', '.', 51, 56, '?', '?', 0, '2016-06-24 17:03:00.000', '2016-06-24 17:03:00.000', ' ', NULL, 34, NULL, 1, NULL, 9031, NULL);
INSERT INTO subsnp VALUES(2586460929, NULL, NULL, NULL, 11825, 'SNV630526', 'SNV630526', NULL, NULL, NULL, '?', NULL, NULL, NULL, 51, 156, NULL, NULL, NULL, '2016-12-12 16:45:00.000', '2016-12-12 16:45:00.000', NULL, NULL, 13, NULL, NULL, NULL, 9031, NULL);
INSERT INTO subsnp VALUES (24939613,' ',' ',' ',11825,'snp.26.80.22768.S.1','SNP.26.80.22768.S.1',' ',' ',' ','?','?','?',' ',81,8,'?','?',0,'2004-06-22 15:27:00','2004-08-05 15:27:00',' ',0,23,'T',3,3136865,9031,28);
INSERT INTO subsnp VALUES (24939614,' ',' ',' ',11825,'snp.26.80.22707.S.1','SNP.26.80.22707.S.1',' ',' ',' ','?','?','?',' ',81,8,'?','?',0,'2004-06-22 15:27:00','2004-08-05 15:27:00',' ',0,25,'T',3,3136864,9031,28);
INSERT INTO subsnp VALUES (24939615,' ',' ',' ',11825,'snp.26.80.22668.S.1','SNP.26.80.22668.S.1',' ',' ',' ','?','?','?',' ',81,8,'?','?',0,'2004-06-22 15:27:00','2004-08-05 15:27:00',' ',0,5,'T',3,3136863,9031,28);


-- 'batch_id','subsnp_id','submitted_ind_id','submitted_strand_code','allele_flag','gty_id','submitted_rs'
INSERT INTO subind VALUES (12070,24939613,6480,NULL,NULL,65,NULL);
INSERT INTO subind VALUES (12070,24939613,6483,NULL,NULL,93,NULL);
INSERT INTO subind VALUES (12070,24939614,6480,NULL,NULL,65,NULL);
INSERT INTO subind VALUES (12070,24939614,6483,NULL,NULL,86,NULL);
INSERT INTO subind VALUES (12070,24939615,6480,NULL,NULL,65,NULL);
INSERT INTO subind VALUES (12070,24939615,6483,NULL,NULL,93,NULL);
INSERT INTO subind VALUES (12069,26011364,6482,NULL,NULL,58,NULL);
INSERT INTO subind VALUES (12069,26011365,6482,NULL,NULL,4211,NULL);


-- 'ped_id','ind_id','ma_ind_id','pa_ind_id','sex','create_time'
INSERT INTO pedigreeindividual VALUES (3905,4859,NULL,NULL,NULL,'2004-09-15 15:25:00');
INSERT INTO pedigreeindividual VALUES (3906,4860,NULL,NULL,NULL,'2004-09-15 15:25:00');
INSERT INTO pedigreeindividual VALUES (3907,4861,NULL,NULL,'M','2004-09-15 15:25:00');
INSERT INTO pedigreeindividual VALUES (3908,4862,NULL,NULL,NULL,'2004-09-15 15:25:00');


-- 'submitted_ind_id','pop_id','loc_ind_id_upp','ind_id','create_time','last_updated_time','tax_id','loc_ind_alias','loc_ind_id','loc_ind_grp','ploidy'
INSERT INTO submittedindividual VALUES (6483,1324,'BROILER',4859,'2004-07-20 15:25:00','2004-07-27 10:48:00',9031,'','BROILER','Chicken',NULL);
INSERT INTO submittedindividual VALUES (6480,1324,'RJF',4861,'2004-07-20 15:16:00','2004-07-27 10:48:00',9031,'','RJF','Chicken',NULL);
INSERT INTO submittedindividual VALUES (6482,1324,'LAYER',4860,'2004-07-20 15:21:00','2004-07-27 10:48:00',9031,'','LAYER','Chicken',NULL);
INSERT INTO submittedindividual VALUES (6481,1324,'SILKIE',4862,'2004-07-20 15:16:00','2004-07-27 10:48:00',9031,'','SILKIE','Chicken',NULL);


-- 'hlink_id','hgvs_c','gi_c','start_c','stop_c','orient_c','ref_allele_c','gene_loc_type_c','err_code_c','err_msg_c','hgvs_t','gi_t','start_t','stop_t','orient_t','ref_allele_t','gene_loc_type_t','err_code_t','err_msg_t','hgvs_g','gi_g','start_g','stop_g','orient_g','ref_allele_g','gene_loc_type_g','err_code_g','err_msg_g','hgvs_m','gi_m','start_m','stop_m','orient_m','ref_allele_m','gene_loc_type_m','err_code_m','err_msg_m','hgvs_p','gi_p','start_p','stop_p','ref_aa','var_allele_p','codon_frame','err_code_p','err_msg_p','var_allele','loc_type','locus_id','effect','snp_link','session_id','hgvs_sub','processed_time','err_code_sub','err_msg_sub','loc_type_g','loc_type_m','variation_type','ref_codon','rs_orient','pseudo_gene','locus_symbol','so_terms_m','so_term_int','so_terms_p','so_term_int_p','var_allele_m'
INSERT INTO b150_snphgvslink VALUES (17262275,NULL,NULL,NULL,NULL,NULL,NULL,NULL,NULL,NULL,'NT_464114.1:g.4945_4949delCCTGA','966740651',4944,4948,2,'TCAGG',1024,NULL,NULL,NULL,NULL,NULL,NULL,NULL,NULL,NULL,NULL,NULL,NULL,NULL,NULL,NULL,NULL,NULL,NULL,NULL,NULL,NULL,NULL,NULL,NULL,NULL,NULL,NULL,NULL,NULL,NULL,1,NULL,NULL,13808689,'1493753156','NT_464114.1:g.4945_4949delCCTGA','2017-05-02 15:50:25',NULL,NULL,NULL,NULL,6,NULL,1,NULL,NULL,NULL,NULL,NULL,NULL,NULL);
INSERT INTO b150_snphgvslink VALUES (17262276,NULL,NULL,NULL,NULL,NULL,NULL,NULL,NULL,NULL,'NT_464114.1:g.4945_4949delCCTGA','966740651',4944,4948,2,'TCAGG',1024,NULL,NULL,NULL,NULL,NULL,NULL,NULL,NULL,NULL,NULL,NULL,NULL,NULL,NULL,NULL,NULL,NULL,NULL,NULL,NULL,NULL,NULL,NULL,NULL,NULL,NULL,NULL,NULL,NULL,NULL,1,NULL,NULL,13808689,'1493753156','NT_464114.1:g.4945_4949delCCTGA','2017-05-02 15:50:25',NULL,NULL,NULL,NULL,6,NULL,1,NULL,NULL,NULL,NULL,NULL,NULL,NULL);
INSERT INTO b150_snphgvslink VALUES (17262277,'NC_008466.3:g.858800_858804delTCAGG','966749097',858799,858803,1,'TCAGG',8,NULL,NULL,'NT_456093.1:g.38773_38777delCCTGA','966748672',38772,38776,2,'TCAGG',8,NULL,NULL,NULL,NULL,NULL,NULL,NULL,NULL,NULL,NULL,NULL,'XM_015300621.1:c.237+807_237+811delTCAGG','971441071',NULL,NULL,NULL,'-',8,14,'Can not get sequence for an offset-based location',NULL,NULL,NULL,NULL,NULL,NULL,NULL,NULL,NULL,NULL,1,101749670,NULL,13808689,'1493753156','NT_456093.1:g.38773_38777delCCTGA','2017-05-02 15:50:25',NULL,NULL,NULL,1,6,NULL,1,NULL,'LOC101749670','1627',1627,NULL,NULL,NULL);
INSERT INTO b150_snphgvslink VALUES (16937879,'NC_006091.4:g.91223961T>A','966749128',91223960,91223960,1,'T',8,NULL,NULL,'NT_455866.1:g.1766472T>A','966748913',1766471,1766471,1,'T',8,NULL,NULL,NULL,NULL,NULL,NULL,NULL,NULL,NULL,NULL,NULL,'XM_015286070.1:c.5637+2165A>T','971396282',NULL,NULL,NULL,'-',8,14,'Can not get sequence for an offset-based location',NULL,NULL,NULL,NULL,NULL,NULL,NULL,NULL,NULL,'A',2,425353,NULL,13677177,'1493753134','NT_455866.1:g.1766472T>A','2017-05-02 15:48:39',NULL,NULL,NULL,2,3,NULL,0,NULL,'DYSF','1627',1627,NULL,NULL,'A');
INSERT INTO b150_snphgvslink VALUES (16937879,'NC_006091.4:g.91223961T>C','966749128',91223960,91223960,1,'T',8,NULL,NULL,'NT_455866.1:g.1766472T>C','966748913',1766471,1766471,1,'T',8,NULL,NULL,NULL,NULL,NULL,NULL,NULL,NULL,NULL,NULL,NULL,'XM_015286070.1:c.5637+2165A>G','971396282',NULL,NULL,NULL,'-',8,14,'Can not get sequence for an offset-based location',NULL,NULL,NULL,NULL,NULL,NULL,NULL,NULL,NULL,'C',2,425353,NULL,13677177,'1493753134','NT_455866.1:g.1766472T>C','2017-05-02 15:48:39',NULL,NULL,NULL,2,3,NULL,0,NULL,'DYSF','1627',1627,NULL,NULL,'C');
INSERT INTO b150_snphgvslink VALUES (6028306,'NC_006090.4:g.47119827_47119830delTCGG','966749129',47119826,47119829,1,'TCGG',1024,NULL,NULL,'NT_455837.1:g.11724980_11724983delCCGA','966748945',11724979,11724982,2,'TCGG',1024,NULL,NULL,NULL,NULL,NULL,NULL,NULL,NULL,NULL,NULL,NULL,NULL,NULL,NULL,NULL,NULL,NULL,NULL,NULL,NULL,NULL,NULL,NULL,NULL,NULL,NULL,NULL,NULL,NULL,NULL,1,NULL,NULL,739617577,'1493752967','NT_455837.1:g.11724980_11724983delCCGA','2017-05-02 15:49:03',NULL,NULL,NULL,NULL,6,NULL,1,NULL,NULL,NULL,NULL,NULL,NULL,NULL);
INSERT INTO b150_snphgvslink VALUES (2295369,'NC_006090.4:g.63681376A>G','966749129',63681375,63681375,2,'T',8,NULL,NULL,'NT_455840.1:g.2810632A>G','966748942',2810631,2810631,2,'T',8,NULL,NULL,NULL,NULL,NULL,NULL,NULL,NULL,NULL,NULL,NULL,'XM_001233613.4:c.662-2118A>G','971388997',NULL,NULL,NULL,'-',8,14,'Can not get sequence for an offset-based location',NULL,NULL,NULL,NULL,NULL,NULL,NULL,NULL,NULL,'C',2,770279,NULL,1060492473,'1493752957','NT_455840.1:g.2810632A>G','2017-05-02 15:51:41',NULL,NULL,NULL,2,3,NULL,1,NULL,'SLC35F1','1627',1627,NULL,NULL,'C');
INSERT INTO b150_snphgvslink VALUES (2295369,'NC_006090.4:g.63681376A>G','966749129',63681375,63681375,2,'T',8,NULL,NULL,'NT_455840.1:g.2810632A>G','966748942',2810631,2810631,2,'T',8,NULL,NULL,NULL,NULL,NULL,NULL,NULL,NULL,NULL,NULL,NULL,'XM_004940281.2:c.476-2118A>G','971389000',NULL,NULL,NULL,'-',8,14,'Can not get sequence for an offset-based location',NULL,NULL,NULL,NULL,NULL,NULL,NULL,NULL,NULL,'C',2,770279,NULL,1060492473,'1493752957','NT_455840.1:g.2810632A>G','2017-05-02 15:51:41',NULL,NULL,NULL,2,3,NULL,1,NULL,'SLC35F1','1627',1627,NULL,NULL,'C');
INSERT INTO b150_snphgvslink VALUES (2295369,'NC_006090.4:g.63681376A>G','966749129',63681375,63681375,2,'T',8,NULL,NULL,'NT_455840.1:g.2810632A>G','966748942',2810631,2810631,2,'T',8,NULL,NULL,NULL,NULL,NULL,NULL,NULL,NULL,NULL,NULL,NULL,'XM_015284491.1:c.575-2118A>G','971388998',NULL,NULL,NULL,'-',8,14,'Can not get sequence for an offset-based location',NULL,NULL,NULL,NULL,NULL,NULL,NULL,NULL,NULL,'C',2,770279,NULL,1060492473,'1493752957','NT_455840.1:g.2810632A>G','2017-05-02 15:51:41',NULL,NULL,NULL,2,3,NULL,1,NULL,'SLC35F1','1627',1627,NULL,NULL,'C');
INSERT INTO b150_snphgvslink VALUES (2295369,'NC_006090.4:g.63681376A>G','966749129',63681375,63681375,2,'T',8,NULL,NULL,'NT_455840.1:g.2810632A>G','966748942',2810631,2810631,2,'T',8,NULL,NULL,NULL,NULL,NULL,NULL,NULL,NULL,NULL,NULL,NULL,'XM_015284492.1:c.470-2118A>G','971389001',NULL,NULL,NULL,'-',8,14,'Can not get sequence for an offset-based location',NULL,NULL,NULL,NULL,NULL,NULL,NULL,NULL,NULL,'C',2,770279,NULL,1060492473,'1493752957','NT_455840.1:g.2810632A>G','2017-05-02 15:51:41',NULL,NULL,NULL,2,3,NULL,1,NULL,'SLC35F1','1627',1627,NULL,NULL,'C');
INSERT INTO b150_snphgvslink VALUES (2295612,'NC_006112.3:g.88998_88999insC','966749107',88997,88998,2,'-',2048,NULL,NULL,'NT_456010.1:g.107453_107454insG','966748761',107452,107453,1,'-',2048,NULL,NULL,NULL,NULL,NULL,NULL,NULL,NULL,NULL,NULL,NULL,'XR_001470075.1:n.4130_4131insC','971432231',4129,4130,2,'-',2048,NULL,NULL,NULL,NULL,NULL,NULL,NULL,NULL,NULL,NULL,NULL,'G',3,107055083,NULL,1060492716,'1493752957','NT_456010.1:g.107453_107454insG','2017-05-02 15:51:47',NULL,NULL,NULL,3,7,NULL,0,NULL,'LOC107055083','1619',1619,NULL,NULL,NULL);
INSERT INTO b150_snphgvslink VALUES (14708208,'NC_006091.4:g.40648870T>G','966749128',40648869,40648869,1,'T',1024,NULL,NULL,'NW_001471685.3:g.18660225A>C','966748924',18660224,18660224,2,'T',1024,NULL,NULL,NULL,NULL,NULL,NULL,NULL,NULL,NULL,NULL,NULL,NULL,NULL,NULL,NULL,NULL,NULL,NULL,NULL,NULL,NULL,NULL,NULL,NULL,NULL,NULL,NULL,NULL,NULL,'G',2,NULL,NULL,733889725,'1493752997','NW_001471685.3:g.18660225A>C','2017-05-02 15:44:17',NULL,NULL,NULL,NULL,3,NULL,1,NULL,NULL,NULL,NULL,NULL,NULL,NULL);


-- 'var_id','pattern','create_time','last_updated_time','univar_id','var_flag','pattern_left'
INSERT INTO obsvariation VALUES (11,'T/G','2003-02-22 01:07:00','2003-07-17 14:33:00',25,NULL,'T/G');
INSERT INTO obsvariation VALUES (13,'T/C','2003-02-22 01:07:00','2003-07-17 14:33:00',35,NULL,'T/C');
INSERT INTO obsvariation VALUES (16,'T/A','2003-02-22 01:07:00','2003-07-17 14:33:00',23,NULL,'T/A');
INSERT INTO obsvariation VALUES (20,'G/A','2003-02-22 01:07:00','2003-07-17 14:33:00',2,NULL,'G/A');
INSERT INTO obsvariation VALUES (34,'-/G','2003-02-22 01:07:00','2003-07-17 14:33:00',15,NULL,'-/G');
INSERT INTO obsvariation VALUES (11680,'TCGG/-','2003-04-16 09:16:00','2003-07-17 14:33:00',238,NULL,'TCGG/-');
INSERT INTO obsvariation VALUES (13946,'TCAGG/-','2003-04-16 15:12:00','2003-07-17 14:33:00',570,NULL,'TCAGG/-');
