-- columns ctg_id, tax_id, contig_acc, contig_ver, contig_name, contig_chr, contig_start, contig_end, orient, contig_gi, group_term, group_label, contig_label, primary_fl, genbank_gi, genbank_acc, genbank_ver, build_id, build_ver, last_updated_time, placement_status, asm_acc, asm_version, chr_gi, par_fl, top_level_fl, gen_rgn, contig_length
INSERT INTO b150_contiginfo VALUES (966748913, 9031, 'NT_455866', 1, 'NT_455866.1', '4', 89457489, 91282655, 0, 966748913, 'Primary_Assembly', 'Gallus_gallus-5.0', NULL, 1, 964013695, 'KQ759087', 1, 103, 0, '2016-08-31 08:03:00.000', 1, 'GCF_000002315', 4, 966749128, NULL, 0, NULL, 1825167);
INSERT INTO b150_contiginfo VALUES (966740651, 9031, 'NT_464114', 1, 'NT_464114.1', 'LGE64', NULL, NULL, NULL, 966740651, 'Primary_Assembly', 'Gallus_gallus-5.0', NULL, 1, 963275947, 'AADN04005929', 1, 103, 0, '2016-08-31 08:03:00.000', 2, 'GCF_000002315', 4, 966749097, NULL, 1, NULL, 12754);
INSERT INTO b150_contiginfo VALUES (966748672, 9031, 'NT_456093', 1, 'NT_456093.1', 'LGE64', 856351, 897575, 1, 966748672, 'Primary_Assembly', 'Gallus_gallus-5.0', NULL, 1, 964011153, 'KQ759333', 1, 103, 0, '2016-08-31 08:03:00.000', 1, 'GCF_000002315', 4, 966749097, NULL, 0, NULL, 41225);
INSERT INTO b150_contiginfo VALUES (966748673, 9031, 'NT_456092', 1, 'NT_456092.1', 'LGE64', 429077, 856250, 0, 966748673, 'Primary_Assembly', 'Gallus_gallus-5.0', NULL, 1, 964011158, 'KQ759332', 1, 103, 0, '2016-08-31 08:03:00.000', 1, 'GCF_000002315', 4, 966749097, NULL, 0, NULL, 427174);
INSERT INTO b150_contiginfo VALUES (966748945, 9031, 'NT_455837', 1, 'NT_455837.1', '3', 36431259, 58844808, 1, 966748945, 'Primary_Assembly', 'Gallus_gallus-4.0', NULL, 1, 964013905, 'KQ759055', 1, 103, 0, '2016-08-31 08:03:00.000', 1, 'GCF_000002315', 4, 966749129, NULL, 0, NULL, 22413550);
INSERT INTO b150_contiginfo VALUES (966749050, 9031, 'NT_455737', 1, 'NT_455737.1', '1', 103533980, 106770469, 0, 966749050, 'Primary_Assembly', 'Gallus_gallus-5.0', NULL, 1, 964014586, 'KQ758950', 1, 103, 0, '2016-08-31 08:03:00.000', 1, 'GCF_000002315', 4, 966749131, NULL, 0, NULL, 3236490);
INSERT INTO b150_contiginfo VALUES (966748924, 9031, 'NW_001471685', 3, 'NW_001471685.3', '4', 28164967, 59309093, 1, 966748924, 'Primary_Assembly', 'Gallus_gallus-5.0', NULL, 1, 964013766, 'KQ759076', 1, 103, 0, '2016-08-31 08:03:00.000', 1, 'GCF_000002315', 4, 966749128, NULL, 0, NULL, 31144127);
INSERT INTO b150_contiginfo VALUES(966748761, 9031, 'NT_456010', 1, 'NT_456010.1', '25', 53858, 196450, 1, 966748761, 'Primary_Assembly', 'Gallus_gallus-5.0', NULL, 1, 964012733, 'KQ759239', 1, 103, 0, '2016-08-31 08:03:00.000', 1, 'GCF_000002315', 4, 966749107, NULL, 0, NULL, 142593);
INSERT INTO b150_contiginfo VALUES(966748942, 9031, 'NT_455840', 1, 'NT_455840.1', '3', 60870744, 63765558, 0, 966748942, 'Primary_Assembly', 'Gallus_gallus-5.0', NULL, 1, 964013888, 'KQ759058', 1, 103, 0, '2016-08-31 08:03:00.000', 1, 'GCF_000002315', 4, 966749129, NULL, 0, NULL, 2894815);
INSERT INTO b150_contiginfo VALUES (966749049, 9031, 'NT_455738',1,'NT_455738.1','1',106770570,111381270,1,966749049,'Primary_Assembly','Gallus_gallus-5.0',NULL,1,964014548,'KQ758951',1,103,0,'2016-08-31 08:03:00',1,'GCF_000002315',4,966749131,NULL,0,NULL,4610701);


-- columns snp_id, avg_heterozygosity, het_se, create_time, last_updated_time, cpg_code, tax_id, validation_status, exemplar_subsnp_id, univar_id, cnt_subsnp, map_property
INSERT INTO snp VALUES (13677177, 0.611111104, 0.124225996, '2004-07-02 16:03:00.000', '2017-05-05 16:40:15.803', NULL, 9031, 3, 26201546, 128, 3, NULL);
INSERT INTO snp VALUES (13808689, 0.5, 0, '2004-07-02 16:03:00.000', '2015-03-27 13:06:41.95', NULL, 9031, 3, 25920661, 570, 2, NULL);
INSERT INTO snp VALUES (739617577, NULL, NULL, '2015-03-25 15:37:00.000', '2015-03-25 15:36:57.023', NULL, 9031, NULL, 1540359250, 238, 1, NULL);
INSERT INTO snp VALUES (13511401, 0.625, 0.125, '2004-07-02 16:03:00.000', '2017-05-05 15:41:16.507', NULL, 9031, 3, 191122885, 146, 9, NULL);
INSERT INTO snp VALUES (733889725, NULL, NULL, '2015-03-25 15:37:00.000', '2017-05-05 14:55:28.727', NULL, 9031, 1, 1394569659, 25, 3, NULL);
INSERT INTO snp VALUES(1060492716, NULL, NULL, '2017-05-01 18:33:00.000', '2017-05-01 18:32:41.950', NULL, 9031, NULL, 2018365557, 15, 1, NULL);
INSERT INTO snp VALUES(1060492473, NULL, NULL, '2017-05-01 18:33:00.000', '2017-05-01 18:32:41.950', NULL, 9031, NULL, 2586460929, 35, 1, NULL);
INSERT INTO snp VALUES (3136863,0.5,0,'2002-04-10 21:07:00','2017-05-05 16:34:08.087',NULL,9031,3,4387083,25,9,NULL);
INSERT INTO snp VALUES (3136864,0.5,0,'2002-04-10 21:07:00','2017-05-05 16:34:08.087',NULL,9031,3,4387084,35,10,NULL);
INSERT INTO snp VALUES (3136865,0.5,0,'2002-04-10 21:07:00','2017-05-05 16:34:08.087',NULL,9031,3,4387085,25,7,NULL);


-- columns snp_type, snp_id, ctg_id, asn_from, asn_to, lf_ngbr, rf_ngbr, lc_ngbr, rc_ngbr, loc_type, phys_pos_from, snp_bld_id, last_updated_time, process_status, orientation, allele, loc_sts_uid, aln_quality, num_mism, num_del, num_ins, tier
INSERT INTO b150_snpcontigloc VALUES ('rs', 13677177, 966748913, 1766471, 1766471, NULL, NULL, 1766470, 1766472, 2, 91223960, 147, '2016-03-09 10:58:00.000', 128, 0, 'T', NULL, 1, NULL, NULL, NULL, NULL);
INSERT INTO b150_snpcontigloc VALUES ('rs', 13808689, 966740651, 4944, 4948, NULL, NULL, 4943, 4949, 1, NULL, 147, '2016-03-09 10:58:00.000', 128, 1, 'CCTGA', NULL, 1, NULL, NULL, NULL, NULL);
INSERT INTO b150_snpcontigloc VALUES ('rs', 13808689, 966748672, 38772, 38776, NULL, NULL, 38771, 38777, 1, 858799, 147, '2016-03-09 10:58:00.000', 128, 1, 'CCTGA', NULL, 1, NULL, NULL, NULL, NULL);
INSERT INTO b150_snpcontigloc VALUES ('rs', 13808689, 966748673, 409649, 409653, NULL, NULL, 409648, 409654, 1, 838726, 147, '2016-03-09 10:58:00.000', 128, 0, 'TCAGG', NULL, 1, NULL, NULL, NULL, NULL);
INSERT INTO b150_snpcontigloc VALUES ('rs', 739617577, 966748945, 11724979, 11724982, NULL, NULL, 11724978, 11724983, 1, 47119826, 147, '2016-03-09 10:58:00.000', 128, 1, 'CCGA', NULL, 1, NULL, NULL, NULL, NULL);
INSERT INTO b150_snpcontigloc VALUES ('rs', 13511401, 966749050, 3052890, 3052890, NULL, NULL, 3052889, 3052891, 2, 106586870, 147, '2016-03-09 10:58:00.000', 128, 0, 'G', NULL, 1, NULL, NULL, NULL, NULL);
INSERT INTO b150_snpcontigloc VALUES ('rs', 733889725, 966748924, 18660224, 18660224, NULL, NULL, 18660223, 18660225, 2, 40648869, 147, '2016-03-09 10:58:00.000', 128, 1, 'A', NULL, 1, NULL, NULL, NULL, NULL);
INSERT INTO b150_snpcontigloc VALUES('rs', 1060492716, 966748761, 107452, 107453, NULL, NULL, 107452, 107453, 3, 88999, 150, '2017-05-01 13:04:00.000', 128, 0, '-', NULL, 1, NULL, NULL, NULL, NULL);
INSERT INTO b150_snpcontigloc VALUES('rs', 1060492473, 966748942, 2810631, 2810631, NULL, NULL, 2810630, 2810632, 2, 63681375, 150, '2017-05-01 13:04:00.000', 128, 1, 'A', NULL, 1, NULL, NULL, NULL, NULL);
INSERT INTO b150_snpcontigloc VALUES ('rs', 3136863, 966749049, 3431873,3431873,NULL,NULL,3431872,3431874,2,107949397,147,'2016-03-09 10:58:00',128,0,'T',NULL,1,NULL,NULL,NULL,NULL);
INSERT INTO b150_snpcontigloc VALUES ('rs', 3136864, 966749049, 3431912,3431912,NULL,NULL,3431911,3431913,2,107949358,147,'2016-03-09 10:58:00',128,0,'T',NULL,1,NULL,NULL,NULL,NULL);
INSERT INTO b150_snpcontigloc VALUES ('rs', 3136865, 966749049, 3431973,3431973,NULL,NULL,3431972,3431974,2,107949297,147,'2016-03-09 10:58:00',128,0,'G',NULL,1,NULL,NULL,NULL,NULL);


-- 'batch_id','handle','loc_batch_id','loc_batch_id_upp','batch_type','status','simul_sts_status','moltype','method_id','samplesize','synonym_type','submitted_time','linkout_url','pop_id','last_updated_time','success_rate_int','build_id','tax_id','ss_cnt'
INSERT INTO batch VALUES (11977,'UUPDK','2004RJ','2004RJ','SNP',0,0,'cDNA',2372,2,' ','2004-07-07 00:00:00',' ',1332,'2004-07-07 15:30:00',0,122,9031,5332);
INSERT INTO batch VALUES (12068,'BGI','CHICKEN_SNPs_SILKIE','CHICKEN_SNPS_SILKIE','IND',0,0,'NA',2330,0,'','2004-07-20 00:00:00',' ',NULL,'2004-07-20 15:16:00',0,122,9031,1425066);
INSERT INTO batch VALUES (12069,'BGI','CHICKEN_SNPs_LAYER','CHICKEN_SNPS_LAYER','IND',0,0,'NA',2330,0,'','2004-07-20 00:00:00',' ',NULL,'2004-07-20 15:21:00',0,122,9031,1009693);
INSERT INTO batch VALUES (12070,'BGI','CHICKEN_SNPs_BROILER','CHICKEN_SNPS_BROILER','IND',0,0,'NA',2330,0,'','2004-07-20 00:00:00',' ',NULL,'2004-07-20 15:25:00',0,122,9031,1190072);
INSERT INTO batch VALUES (59768,'AGB-LAB-SCAU','2008-march-13A','2008-MARCH-13A','SNP',0,0,'Genomic',10195,12,' ','2008-03-14 10:42:00',' ',10089,'2008-03-14 10:42:00',0,129,9031,6);
INSERT INTO batch VALUES (11825,'BGI','CHICKEN_SNPs_Broiler','CHICKEN_SNPS_BROILER','SNP',0,0,'GENOMIC',2330,8,' ','2004-06-22 00:00:00',' ',1324,'2004-06-22 14:58:00',0,122,9031,1190072);
INSERT INTO batch VALUES (11828,'BGI','CHICKEN_SNPs_Layer','CHICKEN_SNPS_LAYER','SNP',0,0,'GENOMIC',2330,8,' ','2004-06-24 00:00:00',' ',1324,'2004-06-24 11:13:00',0,122,9031,1009693);
INSERT INTO batch VALUES (11831,'BGI','CHICKEN_SNPs_Silkie','CHICKEN_SNPS_SILKIE','SNP',0,0,'GENOMIC',2330,8,' ','2004-06-24 00:00:00',' ',1324,'2004-06-24 14:41:00',0,122,9031,1424987);
INSERT INTO batch VALUES (1050036,'CFG-UPPSALA','chick_wgs_reseq_paper_chr1','CHICK_WGS_RESEQ_PAPER_CHR1','SNP',0,0,'Genomic',13067,176,' ','2010-02-02 15:46:00',' ',12971,'2010-02-07 23:12:00',99,132,9031,1399581);
INSERT INTO batch VALUES (1059308,'CNU_JH_AMG','Korean_chicken_G53','KOREAN_CHICKEN_G53','SNP',0,0,'Genomic',15019,10,' ','2013-06-14 17:31:00',' ',NULL,'2014-06-13 15:24:00',0,136,9031,4048193);
INSERT INTO batch VALUES (1059311,'CNU_JH_AMG','Korean_chicken_R16','KOREAN_CHICKEN_R16','SNP',0,0,'Genomic',15019,10,' ','2013-06-18 00:15:00',' ',NULL,'2014-06-13 15:35:00',0,136,9031,3909670);
INSERT INTO batch VALUES (1059312,'CNU_JH_AMG','Korean_chicken_W03','KOREAN_CHICKEN_W03','SNP',0,0,'Genomic',15019,10,' ','2013-06-18 08:16:00',' ',NULL,'2014-06-13 15:39:00',0,136,9031,4106074);
INSERT INTO batch VALUES (1061908,'UMR1348-GG','WGS_SNP','WGS_SNP','SNP',0,0,'Genomic',16252,2,' ','2014-09-26 17:59:00',' ',NULL,'2014-09-26 18:00:00',0,140,9031,9046713);
INSERT INTO batch VALUES (1062063,'DWBURT','Chicken_15m_SNP_dwburt','CHICKEN_15M_SNP_DWBURT','SNP',0,0,'Genomic',16319,326,' ','2015-01-21 12:38:00',' ',NULL,'2015-01-22 10:37:00',0,140,9031,15310407);
INSERT INTO batch VALUES (1062064,'DWBURT','Chicken_Indel_dwburt','CHICKEN_INDEL_DWBURT','SNP',0,0,'Genomic',16320,326,' ','2015-01-21 12:38:00',' ',NULL,'2015-05-22 10:55:00',0,140,9031,874625);
INSERT INTO batch VALUES (1062434,'LBA_ESALQ','SNP_28TTCC_CB','SNP_28TTCC_CB','SNP',0,0,'Genomic',14615,56,' ','2016-03-18 15:22:00',' ',NULL,'2016-06-27 09:05:00',0,147,9031,13449339);
INSERT INTO batch VALUES (1062453,'LBA_ESALQ','INDEL_28TTCC_CB','INDEL_28TTCC_CB','SNP',0,0,'Genomic',14615,56,' ','2016-04-08 11:06:00',' ',NULL,'2016-06-27 14:32:00',0,147,9031,1335890);


-- 'pop_id','handle','loc_pop_id','loc_pop_id_upp','create_time','last_updated_time','src_id'
INSERT INTO population VALUES (1324,'BGI','RBLS','RBLS','2004-06-22 14:34:00','2004-06-22 14:34:00',NULL);


-- columns subsnp_id, snp_id, substrand_reversed_flag, create_time, last_updated_time, build_id, comment
INSERT INTO snpsubsnplink VALUES (26201546, 13677177, 0, '2004-07-02 15:53:00.000', '2004-07-02 15:53:00.000', 122, NULL);
INSERT INTO snpsubsnplink VALUES (26954817, 13677177, 1, '2004-07-02 16:01:00.000', '2010-03-25 21:23:00.000', 131, NULL);
INSERT INTO snpsubsnplink VALUES (26963037, 13677177, 0, '2004-07-02 15:53:00.000', '2004-07-02 15:53:00.000', 122, NULL);
INSERT INTO snpsubsnplink VALUES (25920661, 13808689, 0, '2004-07-02 15:53:00.000', '2004-07-02 15:53:00.000', 122, NULL);
INSERT INTO snpsubsnplink VALUES (25920795, 13808689, 0, '2004-07-02 15:53:00.000', '2004-07-02 15:53:00.000', 122, NULL);
INSERT INTO snpsubsnplink VALUES (1540359250, 739617577, 0, '2015-03-25 15:23:36.217', '2015-03-25 15:23:36.217', 144, 'RSM:ss->ss');
INSERT INTO snpsubsnplink VALUES (24937730, 13511401, 0, '2004-07-02 15:53:00.000', '2004-07-02 15:53:00.000', 122, NULL);
INSERT INTO snpsubsnplink VALUES (26113051, 13511401, 0, '2004-07-02 15:53:00.000', '2004-07-02 15:53:00.000', 122, NULL);
INSERT INTO snpsubsnplink VALUES (191122885, 13511401, 0, '2013-03-13 14:08:05.723', '2013-03-13 14:08:05.723', 138, 'RSM:ss->rs');
INSERT INTO snpsubsnplink VALUES (804689841, 13511401, 0, '2015-06-29 10:46:50.837', '2015-06-29 10:46:50.837', 145, 'RSM:ss->rs');
INSERT INTO snpsubsnplink VALUES (815826380, 13511401, 0, '2015-06-29 10:46:50.837', '2015-06-29 10:46:50.837', 145, 'RSM:ss->rs');
INSERT INTO snpsubsnplink VALUES (819584037, 13511401, 0, '2015-06-29 10:46:50.837', '2015-06-29 10:46:50.837', 145, 'RSM:ss->rs');
INSERT INTO snpsubsnplink VALUES (1538825774, 13511401, 0, '2015-03-25 15:20:55.003', '2015-03-25 15:20:55.003', 144, 'RSM:ss->rs');
INSERT INTO snpsubsnplink VALUES (1973379013, 13511401, 0, '2017-05-01 16:19:57.270', '2017-05-01 16:19:57.270', 150, 'RSM:ss->rs');
INSERT INTO snpsubsnplink VALUES (2585929502, 13511401, 0, '2017-05-01 16:19:57.270', '2017-05-01 16:19:57.270', 150, 'RSM:ss->rs');
INSERT INTO snpsubsnplink VALUES (1394569659, 733889725, 0, '2015-03-25 15:23:36.217', '2015-03-25 15:23:36.217', 144, 'RSM:ss->ss');
INSERT INTO snpsubsnplink VALUES (1545309244, 733889725, 0, '2015-03-25 15:23:36.217', '2015-03-25 15:23:36.217', 144, 'RSM:ss->ss');
INSERT INTO snpsubsnplink VALUES (1978722740, 733889725, 0, '2017-05-01 16:19:57.270', '2017-05-01 16:19:57.270', 150, 'RSM:ss->rs');
INSERT INTO snpsubsnplink VALUES(2018365557, 1060492716, 0, '2017-05-01 17:30:48.340', '2017-05-01 17:30:48.340', 150, 'RSM:ss->ss');
INSERT INTO snpsubsnplink VALUES(2586460929, 1060492473, 0, '2017-05-01 17:30:48.340', '2017-05-01 17:30:48.340', 150, 'RSM:ss->ss');
INSERT INTO snpsubsnplink VALUES (24939613, 3136865, 1, '2004-07-02 15:53:00', '2004-07-02 15:53:00',122,NULL);
INSERT INTO snpsubsnplink VALUES (24939614, 3136864, 1, '2004-07-02 15:53:00', '2004-07-02 15:53:00',122,NULL);
INSERT INTO snpsubsnplink VALUES (24939615, 3136863, 1, '2004-07-02 15:53:00', '2004-07-02 15:53:00',122,NULL);

-- columns subsnp_id, known_snp_handle, known_snp_loc_id, known_snp_loc_id_upp, batch_id, loc_snp_id, loc_snp_id_upp, synonym_names, loc_sts_id, loc_sts_id_upp, segregate, indiv_homozygosity_detected, pcr_confirmed_ind, gene_name, sequence_len, samplesize, expressed_sequence_ind, somatic_ind, sub_locus_id, create_time, last_updated_time, ancestral_allele, cpg_code, variation_id, top_or_bot_strand, validation_status, snp_id, tax_id, chr_id
INSERT INTO subsnp VALUES (26201546, ' ', ' ', ' ', 11825, 'snp.46.161.27439.S.2', 'SNP.46.161.27439.S.2', ' ', ' ', ' ', '?', '?', '?', ' ', 81, 8, '?', '?', 0, '2004-06-24 12:10:00.000', '2004-08-05 15:30:00.000', ' ', 0, 16, 'T', 3, 13677177, 9031, 28);
INSERT INTO subsnp VALUES (26954817, ' ', ' ', ' ', 11825, 'snp.147.73.779.S.3', 'SNP.147.73.779.S.3', ' ', ' ', ' ', '?', '?', '?', ' ', 81, 8, '?', '?', 0, '2004-06-24 17:58:00.000', '2004-08-05 15:32:00.000', ' ', 4, 20, 'T', 3, 15554969, 9031, 28);
INSERT INTO subsnp VALUES (26963037, ' ', ' ', ' ', 11825, 'snp.46.161.27439.S.3', 'SNP.46.161.27439.S.3', ' ', ' ', ' ', '?', '?', '?', ' ', 81, 8, '?', '?', 0, '2004-06-24 18:04:00.000', '2004-08-05 15:32:00.000', ' ', 0, 16, 'T', 3, 13677177, 9031, 28);
INSERT INTO subsnp VALUES (25920661, ' ', ' ', ' ', 11825, 'snp.24851.1.563.D.1', 'SNP.24851.1.563.D.1', ' ', ' ', ' ', '?', '?', '?', ' ', 81, 8, '?', '?', 0, '2004-06-23 21:19:00.000', '2004-08-05 15:29:00.000', ' ', 0, 13946, 'B', 3, 13808689, 9031, 28);
INSERT INTO subsnp VALUES (25920795, ' ', ' ', ' ', 11825, 'snp.24938.1.334.D.1', 'SNP.24938.1.334.D.1', ' ', ' ', ' ', '?', '?', '?', ' ', 81, 8, '?', '?', 0, '2004-06-23 21:20:00.000', '2004-08-05 15:29:00.000', ' ', 0, 13946, 'B', 3, 13808689, 9031, 28);
INSERT INTO subsnp VALUES (1540359250, ' ', ' ', ' ', 1062064, '3_46315457', '3_46315457', '.', ' ', ' ', '?', '?', '?', '.', 51, 326, '?', '?', 0, '2015-01-21 17:13:00.000', '2015-01-21 17:13:00.000', ' ', NULL, 11680, NULL, 1, NULL, 9031, NULL);
INSERT INTO subsnp VALUES (24937730, ' ', ' ', ' ', 11825, 'snp.26.122.14589.S.1', 'SNP.26.122.14589.S.1', ' ', ' ', ' ', '?', '?', '?', ' ', 81, 8, '?', '?', 0, '2004-06-22 15:26:00.000', '2004-08-05 15:27:00.000', ' ', 0, 17, 'B', 3, 13511401, 9031, 28);
INSERT INTO subsnp VALUES (26113051, ' ', ' ', ' ', 11828, 'snp.26.122.14589.S.2', 'SNP.26.122.14589.S.2', ' ', ' ', ' ', '?', '?', '?', ' ', 81, 8, '?', '?', 0, '2004-06-24 11:36:00.000', '2004-08-05 15:30:00.000', ' ', 4, 20, 'T', 3, 13511401, 9031, 28);
INSERT INTO subsnp VALUES (191122885, ' ', ' ', ' ', 1050036, 'crp2009_1_110043951', 'CRP2009_1_110043951', '.', ' ', ' ', '?', '?', '?', '.', 101, 176, '?', 'N', 0, '2010-02-07 09:29:00.000', '2010-02-07 09:29:00.000', ' ', NULL, 17, 'B', 1, NULL, 9031, NULL);
INSERT INTO subsnp VALUES (804689841, ' ', ' ', ' ', 1059308, 'KG53snp_0418826_1_105966426', 'KG53SNP_0418826_1_105966426', '.', ' ', ' ', '?', '?', '?', '.', 51, 10, '?', '?', 0, '2013-06-14 18:13:00.000', '2013-06-14 18:13:00.000', ' ', NULL, 20, 'T', 1, NULL, 9031, NULL);
INSERT INTO subsnp VALUES (815826380, ' ', ' ', ' ', 1059311, 'KR16snp_2672264_1_105966426', 'KR16SNP_2672264_1_105966426', '.', ' ', ' ', '?', '?', '?', '.', 51, 10, '?', '?', 0, '2013-06-18 05:54:00.000', '2013-06-18 05:54:00.000', ' ', NULL, 20, 'T', 1, NULL, 9031, NULL);
INSERT INTO subsnp VALUES (819584037, ' ', ' ', ' ', 1059312, 'KW03snp_2576287_1_105966426', 'KW03SNP_2576287_1_105966426', '.', ' ', ' ', '?', '?', '?', '.', 51, 10, '?', '?', 0, '2013-06-18 13:26:00.000', '2013-06-18 13:26:00.000', ' ', NULL, 17, 'B', 1, NULL, 9031, NULL);
INSERT INTO subsnp VALUES (1538825774, ' ', ' ', ' ', 1062063, 'Chr1_106890625', 'CHR1_106890625', '.', ' ', ' ', '?', '?', '?', '.', 51, 326, '?', '?', 0, '2015-01-21 15:11:00.000', '2015-01-21 15:11:00.000', ' ', NULL, 20, 'T', 1, NULL, 9031, NULL);
INSERT INTO subsnp VALUES (1973379013, ' ', ' ', ' ', 1062434, 'Chr1_105966426', 'CHR1_105966426', '.', ' ', ' ', '?', '?', '?', '.', 51, 56, '?', '?', 0, '2016-03-18 16:48:00.000', '2016-03-18 16:48:00.000', ' ', NULL, 133, NULL, 1, NULL, 9031, NULL);
INSERT INTO subsnp VALUES (2585929502, NULL, NULL, NULL, 1062702, 'SNV99099', 'SNV99099', NULL, NULL, NULL, '?', NULL, NULL, NULL, 51, 156, NULL, NULL, NULL, '2016-12-12 16:45:00.000', '2016-12-12 16:45:00.000', NULL, NULL, 17, NULL, NULL, NULL, 9031, NULL);
INSERT INTO subsnp VALUES (1394569659, ' ', ' ', ' ', 1061908, '4_41777577_WGS_UMR1348-GG', '4_41777577_WGS_UMR1348-GG', '.', ' ', ' ', '?', '?', '?', '.', 51, 2, '?', '?', 0, '2014-09-27 02:20:00.000', '2014-09-27 02:20:00.000', ' ', NULL, 11, 'B', 1, NULL, 9031, NULL);
INSERT INTO subsnp VALUES (1545309244, ' ', ' ', ' ', 1062063, 'Chr4_39982791', 'CHR4_39982791', '.', ' ', ' ', '?', '?', '?', '.', 51, 326, '?', '?', 0, '2015-01-22 00:03:00.000', '2015-01-22 00:03:00.000', ' ', NULL, 11, 'B', 1, NULL, 9031, NULL);
INSERT INTO subsnp VALUES (1978722740, ' ', ' ', ' ', 11825, 'Chr4_39818121', 'CHR4_39818121', '.', ' ', ' ', '?', '?', '?', '.', 51, 56, '?', '?', 0, '2016-03-18 22:40:00.000', '2016-03-18 22:40:00.000', ' ', NULL, 11, 'B', 1, NULL, 9031, NULL);
INSERT INTO subsnp VALUES(2018365557, ' ', ' ', ' ', 11825, 'Chr25_114864', 'CHR25_114864', '.', ' ', ' ', '?', '?', '?', '.', 51, 56, '?', '?', 0, '2016-06-24 17:03:00.000', '2016-06-24 17:03:00.000', ' ', NULL, 34, NULL, 1, NULL, 9031, NULL);
INSERT INTO subsnp VALUES(2586460929, NULL, NULL, NULL, 11825, 'SNV630526', 'SNV630526', NULL, NULL, NULL, '?', NULL, NULL, NULL, 51, 156, NULL, NULL, NULL, '2016-12-12 16:45:00.000', '2016-12-12 16:45:00.000', NULL, NULL, 13, NULL, NULL, NULL, 9031, NULL);
INSERT INTO subsnp VALUES (24939613,' ',' ',' ',11825,'snp.26.80.22768.S.1','SNP.26.80.22768.S.1',' ',' ',' ','?','?','?',' ',81,8,'?','?',0,'2004-06-22 15:27:00','2004-08-05 15:27:00',' ',0,23,'T',3,3136865,9031,28);
INSERT INTO subsnp VALUES (24939614,' ',' ',' ',11825,'snp.26.80.22707.S.1','SNP.26.80.22707.S.1',' ',' ',' ','?','?','?',' ',81,8,'?','?',0,'2004-06-22 15:27:00','2004-08-05 15:27:00',' ',0,25,'T',3,3136864,9031,28);
INSERT INTO subsnp VALUES (24939615,' ',' ',' ',11825,'snp.26.80.22668.S.1','SNP.26.80.22668.S.1',' ',' ',' ','?','?','?',' ',81,8,'?','?',0,'2004-06-22 15:27:00','2004-08-05 15:27:00',' ',0,5,'T',3,3136863,9031,28);


-- 'batch_id','subsnp_id','submitted_ind_id','submitted_strand_code','allele_flag','gty_id','submitted_rs'
INSERT INTO subind VALUES (12070,24939613,6480,NULL,NULL,65,NULL);
INSERT INTO subind VALUES (12070,24939613,6483,NULL,NULL,93,NULL);
INSERT INTO subind VALUES (12070,24939614,6480,NULL,NULL,65,NULL);
INSERT INTO subind VALUES (12070,24939614,6483,NULL,NULL,86,NULL);
INSERT INTO subind VALUES (12070,24939615,6480,NULL,NULL,65,NULL);
INSERT INTO subind VALUES (12070,24939615,6483,NULL,NULL,93,NULL);
INSERT INTO subind VALUES (12069,26011364,6482,NULL,NULL,58,NULL);
INSERT INTO subind VALUES (12069,26011365,6482,NULL,NULL,4211,NULL);


-- 'ped_id','ind_id','ma_ind_id','pa_ind_id','sex','create_time'
INSERT INTO pedigreeindividual VALUES (3905,4859,NULL,NULL,NULL,'2004-09-15 15:25:00');
INSERT INTO pedigreeindividual VALUES (3906,4860,NULL,NULL,NULL,'2004-09-15 15:25:00');
INSERT INTO pedigreeindividual VALUES (3907,4861,NULL,NULL,'M','2004-09-15 15:25:00');
INSERT INTO pedigreeindividual VALUES (3908,4862,NULL,NULL,NULL,'2004-09-15 15:25:00');


-- 'submitted_ind_id','pop_id','loc_ind_id_upp','ind_id','create_time','last_updated_time','tax_id','loc_ind_alias','loc_ind_id','loc_ind_grp','ploidy'
INSERT INTO submittedindividual VALUES (6483,1324,'BROILER',4859,'2004-07-20 15:25:00','2004-07-27 10:48:00',9031,'','BROILER','Chicken',NULL);
INSERT INTO submittedindividual VALUES (6480,1324,'RJF',4861,'2004-07-20 15:16:00','2004-07-27 10:48:00',9031,'','RJF','Chicken',NULL);
INSERT INTO submittedindividual VALUES (6482,1324,'LAYER',4860,'2004-07-20 15:21:00','2004-07-27 10:48:00',9031,'','LAYER','Chicken',NULL);
INSERT INTO submittedindividual VALUES (6481,1324,'SILKIE',4862,'2004-07-20 15:16:00','2004-07-27 10:48:00',9031,'','SILKIE','Chicken',NULL);


-- 'hlink_id','hgvs_c','gi_c','start_c','stop_c','orient_c','ref_allele_c','gene_loc_type_c','err_code_c','err_msg_c','hgvs_t','gi_t','start_t','stop_t','orient_t','ref_allele_t','gene_loc_type_t','err_code_t','err_msg_t','hgvs_g','gi_g','start_g','stop_g','orient_g','ref_allele_g','gene_loc_type_g','err_code_g','err_msg_g','hgvs_m','gi_m','start_m','stop_m','orient_m','ref_allele_m','gene_loc_type_m','err_code_m','err_msg_m','hgvs_p','gi_p','start_p','stop_p','ref_aa','var_allele_p','codon_frame','err_code_p','err_msg_p','var_allele','loc_type','locus_id','effect','snp_link','session_id','hgvs_sub','processed_time','err_code_sub','err_msg_sub','loc_type_g','loc_type_m','variation_type','ref_codon','rs_orient','pseudo_gene','locus_symbol','so_terms_m','so_term_int','so_terms_p','so_term_int_p','var_allele_m'
INSERT INTO b150_snphgvslink VALUES (17262275,NULL,NULL,NULL,NULL,NULL,NULL,NULL,NULL,NULL,'NT_464114.1:g.4945_4949delCCTGA','966740651',4944,4948,2,'TCAGG',1024,NULL,NULL,NULL,NULL,NULL,NULL,NULL,NULL,NULL,NULL,NULL,NULL,NULL,NULL,NULL,NULL,NULL,NULL,NULL,NULL,NULL,NULL,NULL,NULL,NULL,NULL,NULL,NULL,NULL,NULL,1,NULL,NULL,13808689,'1493753156','NT_464114.1:g.4945_4949delCCTGA','2017-05-02 15:50:25',NULL,NULL,NULL,NULL,6,NULL,1,NULL,NULL,NULL,NULL,NULL,NULL,NULL);
INSERT INTO b150_snphgvslink VALUES (17262276,NULL,NULL,NULL,NULL,NULL,NULL,NULL,NULL,NULL,'NT_464114.1:g.4945_4949delCCTGA','966740651',4944,4948,2,'TCAGG',1024,NULL,NULL,NULL,NULL,NULL,NULL,NULL,NULL,NULL,NULL,NULL,NULL,NULL,NULL,NULL,NULL,NULL,NULL,NULL,NULL,NULL,NULL,NULL,NULL,NULL,NULL,NULL,NULL,NULL,NULL,1,NULL,NULL,13808689,'1493753156','NT_464114.1:g.4945_4949delCCTGA','2017-05-02 15:50:25',NULL,NULL,NULL,NULL,6,NULL,1,NULL,NULL,NULL,NULL,NULL,NULL,NULL);
INSERT INTO b150_snphgvslink VALUES (17262277,'NC_008466.3:g.858800_858804delTCAGG','966749097',858799,858803,1,'TCAGG',8,NULL,NULL,'NT_456093.1:g.38773_38777delCCTGA','966748672',38772,38776,2,'TCAGG',8,NULL,NULL,NULL,NULL,NULL,NULL,NULL,NULL,NULL,NULL,NULL,'XM_015300621.1:c.237+807_237+811delTCAGG','971441071',NULL,NULL,NULL,'-',8,14,'Can not get sequence for an offset-based location',NULL,NULL,NULL,NULL,NULL,NULL,NULL,NULL,NULL,NULL,1,101749670,NULL,13808689,'1493753156','NT_456093.1:g.38773_38777delCCTGA','2017-05-02 15:50:25',NULL,NULL,NULL,1,6,NULL,1,NULL,'LOC101749670','1627',1627,NULL,NULL,NULL);
INSERT INTO b150_snphgvslink VALUES (16937879,'NC_006091.4:g.91223961T>A','966749128',91223960,91223960,1,'T',8,NULL,NULL,'NT_455866.1:g.1766472T>A','966748913',1766471,1766471,1,'T',8,NULL,NULL,NULL,NULL,NULL,NULL,NULL,NULL,NULL,NULL,NULL,'XM_015286070.1:c.5637+2165A>T','971396282',NULL,NULL,NULL,'-',8,14,'Can not get sequence for an offset-based location',NULL,NULL,NULL,NULL,NULL,NULL,NULL,NULL,NULL,'A',2,425353,NULL,13677177,'1493753134','NT_455866.1:g.1766472T>A','2017-05-02 15:48:39',NULL,NULL,NULL,2,3,NULL,0,NULL,'DYSF','1627',1627,NULL,NULL,'A');
INSERT INTO b150_snphgvslink VALUES (16937879,'NC_006091.4:g.91223961T>C','966749128',91223960,91223960,1,'T',8,NULL,NULL,'NT_455866.1:g.1766472T>C','966748913',1766471,1766471,1,'T',8,NULL,NULL,NULL,NULL,NULL,NULL,NULL,NULL,NULL,NULL,NULL,'XM_015286070.1:c.5637+2165A>G','971396282',NULL,NULL,NULL,'-',8,14,'Can not get sequence for an offset-based location',NULL,NULL,NULL,NULL,NULL,NULL,NULL,NULL,NULL,'C',2,425353,NULL,13677177,'1493753134','NT_455866.1:g.1766472T>C','2017-05-02 15:48:39',NULL,NULL,NULL,2,3,NULL,0,NULL,'DYSF','1627',1627,NULL,NULL,'C');
INSERT INTO b150_snphgvslink VALUES (6028306,'NC_006090.4:g.47119827_47119830delTCGG','966749129',47119826,47119829,1,'TCGG',1024,NULL,NULL,'NT_455837.1:g.11724980_11724983delCCGA','966748945',11724979,11724982,2,'TCGG',1024,NULL,NULL,NULL,NULL,NULL,NULL,NULL,NULL,NULL,NULL,NULL,NULL,NULL,NULL,NULL,NULL,NULL,NULL,NULL,NULL,NULL,NULL,NULL,NULL,NULL,NULL,NULL,NULL,NULL,NULL,1,NULL,NULL,739617577,'1493752967','NT_455837.1:g.11724980_11724983delCCGA','2017-05-02 15:49:03',NULL,NULL,NULL,NULL,6,NULL,1,NULL,NULL,NULL,NULL,NULL,NULL,NULL);
INSERT INTO b150_snphgvslink VALUES (2295369,'NC_006090.4:g.63681376A>G','966749129',63681375,63681375,2,'T',8,NULL,NULL,'NT_455840.1:g.2810632A>G','966748942',2810631,2810631,2,'T',8,NULL,NULL,NULL,NULL,NULL,NULL,NULL,NULL,NULL,NULL,NULL,'XM_001233613.4:c.662-2118A>G','971388997',NULL,NULL,NULL,'-',8,14,'Can not get sequence for an offset-based location',NULL,NULL,NULL,NULL,NULL,NULL,NULL,NULL,NULL,'C',2,770279,NULL,1060492473,'1493752957','NT_455840.1:g.2810632A>G','2017-05-02 15:51:41',NULL,NULL,NULL,2,3,NULL,1,NULL,'SLC35F1','1627',1627,NULL,NULL,'C');
INSERT INTO b150_snphgvslink VALUES (2295369,'NC_006090.4:g.63681376A>G','966749129',63681375,63681375,2,'T',8,NULL,NULL,'NT_455840.1:g.2810632A>G','966748942',2810631,2810631,2,'T',8,NULL,NULL,NULL,NULL,NULL,NULL,NULL,NULL,NULL,NULL,NULL,'XM_004940281.2:c.476-2118A>G','971389000',NULL,NULL,NULL,'-',8,14,'Can not get sequence for an offset-based location',NULL,NULL,NULL,NULL,NULL,NULL,NULL,NULL,NULL,'C',2,770279,NULL,1060492473,'1493752957','NT_455840.1:g.2810632A>G','2017-05-02 15:51:41',NULL,NULL,NULL,2,3,NULL,1,NULL,'SLC35F1','1627',1627,NULL,NULL,'C');
INSERT INTO b150_snphgvslink VALUES (2295369,'NC_006090.4:g.63681376A>G','966749129',63681375,63681375,2,'T',8,NULL,NULL,'NT_455840.1:g.2810632A>G','966748942',2810631,2810631,2,'T',8,NULL,NULL,NULL,NULL,NULL,NULL,NULL,NULL,NULL,NULL,NULL,'XM_015284491.1:c.575-2118A>G','971388998',NULL,NULL,NULL,'-',8,14,'Can not get sequence for an offset-based location',NULL,NULL,NULL,NULL,NULL,NULL,NULL,NULL,NULL,'C',2,770279,NULL,1060492473,'1493752957','NT_455840.1:g.2810632A>G','2017-05-02 15:51:41',NULL,NULL,NULL,2,3,NULL,1,NULL,'SLC35F1','1627',1627,NULL,NULL,'C');
INSERT INTO b150_snphgvslink VALUES (2295369,'NC_006090.4:g.63681376A>G','966749129',63681375,63681375,2,'T',8,NULL,NULL,'NT_455840.1:g.2810632A>G','966748942',2810631,2810631,2,'T',8,NULL,NULL,NULL,NULL,NULL,NULL,NULL,NULL,NULL,NULL,NULL,'XM_015284492.1:c.470-2118A>G','971389001',NULL,NULL,NULL,'-',8,14,'Can not get sequence for an offset-based location',NULL,NULL,NULL,NULL,NULL,NULL,NULL,NULL,NULL,'C',2,770279,NULL,1060492473,'1493752957','NT_455840.1:g.2810632A>G','2017-05-02 15:51:41',NULL,NULL,NULL,2,3,NULL,1,NULL,'SLC35F1','1627',1627,NULL,NULL,'C');
INSERT INTO b150_snphgvslink VALUES (2295612,'NC_006112.3:g.88998_88999insC','966749107',88997,88998,2,'-',2048,NULL,NULL,'NT_456010.1:g.107453_107454insG','966748761',107452,107453,1,'-',2048,NULL,NULL,NULL,NULL,NULL,NULL,NULL,NULL,NULL,NULL,NULL,'XR_001470075.1:n.4130_4131insC','971432231',4129,4130,2,'-',2048,NULL,NULL,NULL,NULL,NULL,NULL,NULL,NULL,NULL,NULL,NULL,'G',3,107055083,NULL,1060492716,'1493752957','NT_456010.1:g.107453_107454insG','2017-05-02 15:51:47',NULL,NULL,NULL,3,7,NULL,0,NULL,'LOC107055083','1619',1619,NULL,NULL,NULL);
INSERT INTO b150_snphgvslink VALUES (14708208,'NC_006091.4:g.40648870T>G','966749128',40648869,40648869,1,'T',1024,NULL,NULL,'NW_001471685.3:g.18660225A>C','966748924',18660224,18660224,2,'T',1024,NULL,NULL,NULL,NULL,NULL,NULL,NULL,NULL,NULL,NULL,NULL,NULL,NULL,NULL,NULL,NULL,NULL,NULL,NULL,NULL,NULL,NULL,NULL,NULL,NULL,NULL,NULL,NULL,NULL,'G',2,NULL,NULL,733889725,'1493752997','NW_001471685.3:g.18660225A>C','2017-05-02 15:44:17',NULL,NULL,NULL,NULL,3,NULL,1,NULL,NULL,NULL,NULL,NULL,NULL,NULL);


-- 'var_id','pattern','create_time','last_updated_time','univar_id','var_flag','pattern_left'
INSERT INTO dbsnp_shared.obsvariation VALUES (11,'T/G','2003-02-22 01:07:00','2003-07-17 14:33:00',25,NULL,'T/G');
INSERT INTO dbsnp_shared.obsvariation VALUES (13,'T/C','2003-02-22 01:07:00','2003-07-17 14:33:00',35,NULL,'T/C');
INSERT INTO dbsnp_shared.obsvariation VALUES (16,'T/A','2003-02-22 01:07:00','2003-07-17 14:33:00',23,NULL,'T/A');
INSERT INTO dbsnp_shared.obsvariation VALUES (20,'G/A','2003-02-22 01:07:00','2003-07-17 14:33:00',2,NULL,'G/A');
INSERT INTO dbsnp_shared.obsvariation VALUES (34,'-/G','2003-02-22 01:07:00','2003-07-17 14:33:00',15,NULL,'-/G');
INSERT INTO dbsnp_shared.obsvariation VALUES (11680,'TCGG/-','2003-04-16 09:16:00','2003-07-17 14:33:00',238,NULL,'TCGG/-');
INSERT INTO dbsnp_shared.obsvariation VALUES (13946,'TCAGG/-','2003-04-16 15:12:00','2003-07-17 14:33:00',570,NULL,'TCAGG/-');


-- rs_id,ss_id,batch_id,batch_name,hgvs_c_string,hgvs_c_start,hgvs_c_stop,reference_c,hgvs_t_string,hgvs_t_start,hgvs_t_stop,reference_t,alternate,alleles,contig_name,contig_start,contig_end,loc_type,chromosome,chromosome_start,chromosome_end,hgvs_c_orientation,hgvs_t_orientation,snp_orientation,contig_orientation,subsnp_orientation,genotypes_string,freq_info,load_order
INSERT INTO dbsnp_variant_load_6b5b53a74e4c0aa493ceeb6e75c72436 values(68445814,105144856,856370,'BROAD_EQUCAB2.0:2008.08.08','NC_009144.2:g.3955011T>C',3955011,3955011,'T','NW_001867386.1:g.3955011T>C',3955011,3955011,'T','C','C/T','NW_001867386.1',3955010,3955010,2,1,3955011,3955011,1,1,1,1,1,'./.,./.,./.,./.,./.,C/T,./.,./.','[{''pop_id'' : 12179, ''pop_name'' : ''EQUUS_CABALLUS'', ''freq_info'' : [{''allele'' : ''T'', ''cnt'' : 2.0, ''freq'' : 0.5}, {''allele'' : ''C'', ''cnt'' : 2.0, ''freq'' : 0.5}]}]',8061925);
INSERT INTO dbsnp_variant_load_6b5b53a74e4c0aa493ceeb6e75c72436 values(68445814,105144856,856370,'BROAD_EQUCAB2.0:2008.08.08','NC_009144.2:g.3955011T>C',3955011,3955011,'T','NW_001867386.1:g.3955011T>C',3955011,3955011,'T','C','C/T','NW_001867386.1',3955010,3955010,2,1,3955011,3955011,1,1,1,1,1,'./.,./.,./.,./.,C/T,./.,./.','[{''pop_id'' : 12179, ''pop_name'' : ''EQUUS_CABALLUS'', ''freq_info'' : [{''allele'' : ''T'', ''cnt'' : 2.0, ''freq'' : 0.5}, {''allele'' : ''C'', ''cnt'' : 2.0, ''freq'' : 0.5}]}]',8061925);
INSERT INTO dbsnp_variant_load_6b5b53a74e4c0aa493ceeb6e75c72436 values(68445850,105144892,856370,'BROAD_EQUCAB2.0:2008.08.08','NC_009144.2:g.4141200G>A',4141200,4141200,'G','NW_001867386.1:g.4141200G>A',4141200,4141200,'G','A','A/G','NW_001867386.1',4141199,4141199,2,1,4141200,4141200,1,1,1,1,1,'./.,./.,./.,./.,./.,./.,A/G,./.','[{''pop_id'' : 12179, ''pop_name'' : ''EQUUS_CABALLUS'', ''freq_info'' : [{''allele'' : ''G'', ''cnt'' : 2.0, ''freq'' : 0.5}, {''allele'' : ''A'', ''cnt'' : 2.0, ''freq'' : 0.5}]}]',8061928);
INSERT INTO dbsnp_variant_load_6b5b53a74e4c0aa493ceeb6e75c72436 values(68445850,105144892,856370,'BROAD_EQUCAB2.0:2008.08.08','NC_009144.2:g.4141200G>A',4141200,4141200,'G','NW_001867386.1:g.4141200G>A',4141200,4141200,'G','A','A/G','NW_001867386.1',4141199,4141199,2,1,4141200,4141200,1,1,1,1,1,'./.,./.,./.,./.,./.,A/G,./.','[{''pop_id'' : 12179, ''pop_name'' : ''EQUUS_CABALLUS'', ''freq_info'' : [{''allele'' : ''G'', ''cnt'' : 2.0, ''freq'' : 0.5}, {''allele'' : ''A'', ''cnt'' : 2.0, ''freq'' : 0.5}]}]',8061928);
INSERT INTO dbsnp_variant_load_6b5b53a74e4c0aa493ceeb6e75c72436 values(68445852,105144894,856370,'BROAD_EQUCAB2.0:2008.08.08','NC_009144.2:g.4145003G>A',4145003,4145003,'G','NW_001867386.1:g.4145003G>A',4145003,4145003,'G','A','A/G','NW_001867386.1',4145002,4145002,2,1,4145003,4145003,1,1,1,1,1,'./.,./.,./.,./.,./.,./.,A/G,./.','[{''pop_id'' : 12179, ''pop_name'' : ''EQUUS_CABALLUS'', ''freq_info'' : [{''allele'' : ''G'', ''cnt'' : 2.0, ''freq'' : 0.5}, {''allele'' : ''A'', ''cnt'' : 2.0, ''freq'' : 0.5}]}]',8061929);
INSERT INTO dbsnp_variant_load_6b5b53a74e4c0aa493ceeb6e75c72436 values(68445852,105144894,856370,'BROAD_EQUCAB2.0:2008.08.08','NC_009144.2:g.4145003G>A',4145003,4145003,'G','NW_001867386.1:g.4145003G>A',4145003,4145003,'G','A','A/G','NW_001867386.1',4145002,4145002,2,1,4145003,4145003,1,1,1,1,1,'./.,./.,./.,./.,./.,A/G,./.','[{''pop_id'' : 12179, ''pop_name'' : ''EQUUS_CABALLUS'', ''freq_info'' : [{''allele'' : ''G'', ''cnt'' : 2.0, ''freq'' : 0.5}, {''allele'' : ''A'', ''cnt'' : 2.0, ''freq'' : 0.5}]}]',8061929);
INSERT INTO dbsnp_variant_load_6b5b53a74e4c0aa493ceeb6e75c72436 values(68445855,105144897,856370,'BROAD_EQUCAB2.0:2008.08.08','NC_009144.2:g.4147117G>A',4147117,4147117,'G','NW_001867386.1:g.4147117G>A',4147117,4147117,'G','A','A/G','NW_001867386.1',4147116,4147116,2,1,4147117,4147117,1,1,1,1,1,'./.,./.,./.,./.,A/G,./.,./.,./.','[{''pop_id'' : 12179, ''pop_name'' : ''EQUUS_CABALLUS'', ''freq_info'' : [{''allele'' : ''G'', ''cnt'' : 2.0, ''freq'' : 0.5}, {''allele'' : ''A'', ''cnt'' : 2.0, ''freq'' : 0.5}]}]',8061931);
INSERT INTO dbsnp_variant_load_6b5b53a74e4c0aa493ceeb6e75c72436 values(68445855,105144897,856370,'BROAD_EQUCAB2.0:2008.08.08','NC_009144.2:g.4147117G>A',4147117,4147117,'G','NW_001867386.1:g.4147117G>A',4147117,4147117,'G','A','A/G','NW_001867386.1',4147116,4147116,2,1,4147117,4147117,1,1,1,1,1,'./.,./.,./.,A/G,./.,./.,./.','[{''pop_id'' : 12179, ''pop_name'' : ''EQUUS_CABALLUS'', ''freq_info'' : [{''allele'' : ''G'', ''cnt'' : 2.0, ''freq'' : 0.5}, {''allele'' : ''A'', ''cnt'' : 2.0, ''freq'' : 0.5}]}]',8061931);
INSERT INTO dbsnp_variant_load_6b5b53a74e4c0aa493ceeb6e75c72436 values(68445862,105144904,856370,'BROAD_EQUCAB2.0:2008.08.08','NC_009144.2:g.4171413A>G',4171413,4171413,'A','NW_001867386.1:g.4171413A>G',4171413,4171413,'A','G','G/A','NW_001867386.1',4171412,4171412,2,1,4171413,4171413,1,1,1,1,1,'./.,./.,./.,./.,G/A,./.,./.,./.','[{''pop_id'' : 12179, ''pop_name'' : ''EQUUS_CABALLUS'', ''freq_info'' : [{''allele'' : ''G'', ''cnt'' : 2.0, ''freq'' : 0.5}, {''allele'' : ''A'', ''cnt'' : 2.0, ''freq'' : 0.5}]}]',8061933);
INSERT INTO dbsnp_variant_load_6b5b53a74e4c0aa493ceeb6e75c72436 values(68445862,105144904,856370,'BROAD_EQUCAB2.0:2008.08.08','NC_009144.2:g.4171413A>G',4171413,4171413,'A','NW_001867386.1:g.4171413A>G',4171413,4171413,'A','G','G/A','NW_001867386.1',4171412,4171412,2,1,4171413,4171413,1,1,1,1,1,'./.,./.,./.,G/A,./.,./.,./.','[{''pop_id'' : 12179, ''pop_name'' : ''EQUUS_CABALLUS'', ''freq_info'' : [{''allele'' : ''G'', ''cnt'' : 2.0, ''freq'' : 0.5}, {''allele'' : ''A'', ''cnt'' : 2.0, ''freq'' : 0.5}]}]',8061933);
INSERT INTO dbsnp_variant_load_6b5b53a74e4c0aa493ceeb6e75c72436 values(68445868,105144910,856370,'BROAD_EQUCAB2.0:2008.08.08','NC_009144.2:g.4193898T>C',4193898,4193898,'T','NW_001867386.1:g.4193898T>C',4193898,4193898,'T','C','C/T','NW_001867386.1',4193897,4193897,2,1,4193898,4193898,1,1,1,1,1,'./.,./.,./.,C/T,./.,./.,./.,./.','[{''pop_id'' : 12179, ''pop_name'' : ''EQUUS_CABALLUS'', ''freq_info'' : [{''allele'' : ''T'', ''cnt'' : 2.0, ''freq'' : 0.5}, {''allele'' : ''C'', ''cnt'' : 2.0, ''freq'' : 0.5}]}]',8061934);
INSERT INTO dbsnp_variant_load_6b5b53a74e4c0aa493ceeb6e75c72436 values(68445868,105144910,856370,'BROAD_EQUCAB2.0:2008.08.08','NC_009144.2:g.4193898T>C',4193898,4193898,'T','NW_001867386.1:g.4193898T>C',4193898,4193898,'T','C','C/T','NW_001867386.1',4193897,4193897,2,1,4193898,4193898,1,1,1,1,1,'./.,./.,C/T,./.,./.,./.,./.','[{''pop_id'' : 12179, ''pop_name'' : ''EQUUS_CABALLUS'', ''freq_info'' : [{''allele'' : ''T'', ''cnt'' : 2.0, ''freq'' : 0.5}, {''allele'' : ''C'', ''cnt'' : 2.0, ''freq'' : 0.5}]}]',8061934);
INSERT INTO dbsnp_variant_load_6b5b53a74e4c0aa493ceeb6e75c72436 values(68445873,105144915,856370,'BROAD_EQUCAB2.0:2008.08.08','NC_009144.2:g.4204326C>T',4204326,4204326,'C','NW_001867386.1:g.4204326C>T',4204326,4204326,'C','T','T/C','NW_001867386.1',4204325,4204325,2,1,4204326,4204326,1,1,1,1,1,'T/C,./.,./.,./.,./.,./.,./.,./.','[{''pop_id'' : 12179, ''pop_name'' : ''EQUUS_CABALLUS'', ''freq_info'' : [{''allele'' : ''T'', ''cnt'' : 1.0, ''freq'' : 0.5}, {''allele'' : ''C'', ''cnt'' : 1.0, ''freq'' : 0.5}]}]',8061935);
INSERT INTO dbsnp_variant_load_6b5b53a74e4c0aa493ceeb6e75c72436 values(68446806,105144948,856370,'BROAD_EQUCAB2.0:2008.08.08','NC_009144.2:g.4316141A>C',4316141,4316141,'A','NW_001867386.1:g.4316141A>C',4316141,4316141,'A','C','C/A','NW_001867386.1',4316140,4316140,2,1,4316141,4316141,1,1,1,1,1,'./.,C/A,./.,./.,./.,./.,./.,./.','[{''pop_id'' : 12179, ''pop_name'' : ''EQUUS_CABALLUS'', ''freq_info'' : [{''allele'' : ''A'', ''cnt'' : 2.0, ''freq'' : 0.5}, {''allele'' : ''C'', ''cnt'' : 2.0, ''freq'' : 0.5}]}]',8061996);
INSERT INTO dbsnp_variant_load_6b5b53a74e4c0aa493ceeb6e75c72436 values(68446806,105144948,856370,'BROAD_EQUCAB2.0:2008.08.08','NC_009144.2:g.4316141A>C',4316141,4316141,'A','NW_001867386.1:g.4316141A>C',4316141,4316141,'A','C','C/A','NW_001867386.1',4316140,4316140,2,1,4316141,4316141,1,1,1,1,1,'C/A,./.,./.,./.,./.,./.,./.','[{''pop_id'' : 12179, ''pop_name'' : ''EQUUS_CABALLUS'', ''freq_info'' : [{''allele'' : ''A'', ''cnt'' : 2.0, ''freq'' : 0.5}, {''allele'' : ''C'', ''cnt'' : 2.0, ''freq'' : 0.5}]}]',8061996);
INSERT INTO dbsnp_variant_load_6b5b53a74e4c0aa493ceeb6e75c72436 values(68446808,105144950,856370,'BROAD_EQUCAB2.0:2008.08.08','NC_009144.2:g.4349838T>C',4349838,4349838,'T','NW_001867386.1:g.4349838T>C',4349838,4349838,'T','C','C/T','NW_001867386.1',4349837,4349837,2,1,4349838,4349838,1,1,1,1,1,'./.,./.,./.,C/T,./.,./.,./.,./.','[{''pop_id'' : 12179, ''pop_name'' : ''EQUUS_CABALLUS'', ''freq_info'' : [{''allele'' : ''T'', ''cnt'' : 2.0, ''freq'' : 0.5}, {''allele'' : ''C'', ''cnt'' : 2.0, ''freq'' : 0.5}]}]',8061997);
INSERT INTO dbsnp_variant_load_6b5b53a74e4c0aa493ceeb6e75c72436 values(68446808,105144950,856370,'BROAD_EQUCAB2.0:2008.08.08','NC_009144.2:g.4349838T>C',4349838,4349838,'T','NW_001867386.1:g.4349838T>C',4349838,4349838,'T','C','C/T','NW_001867386.1',4349837,4349837,2,1,4349838,4349838,1,1,1,1,1,'./.,./.,C/T,./.,./.,./.,./.','[{''pop_id'' : 12179, ''pop_name'' : ''EQUUS_CABALLUS'', ''freq_info'' : [{''allele'' : ''T'', ''cnt'' : 2.0, ''freq'' : 0.5}, {''allele'' : ''C'', ''cnt'' : 2.0, ''freq'' : 0.5}]}]',8061997);
INSERT INTO dbsnp_variant_load_6b5b53a74e4c0aa493ceeb6e75c72436 values(68446814,105144956,856370,'BROAD_EQUCAB2.0:2008.08.08','NC_009144.2:g.4393164A>T',4393164,4393164,'A','NW_001867386.1:g.4393164A>T',4393164,4393164,'A','T','T/A','NW_001867386.1',4393163,4393163,2,1,4393164,4393164,1,1,1,1,1,'./.,./.,./.,./.,./.,./.,T/A,./.','[{''pop_id'' : 12179, ''pop_name'' : ''EQUUS_CABALLUS'', ''freq_info'' : [{''allele'' : ''T'', ''cnt'' : 2.0, ''freq'' : 0.5}, {''allele'' : ''A'', ''cnt'' : 2.0, ''freq'' : 0.5}]}]',8061998);
INSERT INTO dbsnp_variant_load_6b5b53a74e4c0aa493ceeb6e75c72436 values(68446814,105144956,856370,'BROAD_EQUCAB2.0:2008.08.08','NC_009144.2:g.4393164A>T',4393164,4393164,'A','NW_001867386.1:g.4393164A>T',4393164,4393164,'A','T','T/A','NW_001867386.1',4393163,4393163,2,1,4393164,4393164,1,1,1,1,1,'./.,./.,./.,./.,./.,T/A,./.','[{''pop_id'' : 12179, ''pop_name'' : ''EQUUS_CABALLUS'', ''freq_info'' : [{''allele'' : ''T'', ''cnt'' : 2.0, ''freq'' : 0.5}, {''allele'' : ''A'', ''cnt'' : 2.0, ''freq'' : 0.5}]}]',8061998);
INSERT INTO dbsnp_variant_load_6b5b53a74e4c0aa493ceeb6e75c72436 values(68446828,105144970,856370,'BROAD_EQUCAB2.0:2008.08.08','NC_009144.2:g.4458054T>C',4458054,4458054,'T','NW_001867386.1:g.4458054T>C',4458054,4458054,'T','C','C/T','NW_001867386.1',4458053,4458053,2,1,4458054,4458054,1,1,1,1,1,'./.,./.,C/T,./.,./.,./.,./.,./.','[{''pop_id'' : 12179, ''pop_name'' : ''EQUUS_CABALLUS'', ''freq_info'' : [{''allele'' : ''T'', ''cnt'' : 2.0, ''freq'' : 0.5}, {''allele'' : ''C'', ''cnt'' : 2.0, ''freq'' : 0.5}]}]',8061999);
INSERT INTO dbsnp_variant_load_6b5b53a74e4c0aa493ceeb6e75c72436 values(68446828,105144970,856370,'BROAD_EQUCAB2.0:2008.08.08','NC_009144.2:g.4458054T>C',4458054,4458054,'T','NW_001867386.1:g.4458054T>C',4458054,4458054,'T','C','C/T','NW_001867386.1',4458053,4458053,2,1,4458054,4458054,1,1,1,1,1,'./.,C/T,./.,./.,./.,./.,./.','[{''pop_id'' : 12179, ''pop_name'' : ''EQUUS_CABALLUS'', ''freq_info'' : [{''allele'' : ''T'', ''cnt'' : 2.0, ''freq'' : 0.5}, {''allele'' : ''C'', ''cnt'' : 2.0, ''freq'' : 0.5}]}]',8061999);
INSERT INTO dbsnp_variant_load_6b5b53a74e4c0aa493ceeb6e75c72436 values(68446836,105144978,856370,'BROAD_EQUCAB2.0:2008.08.08','NC_009144.2:g.4463004T>G',4463004,4463004,'T','NW_001867386.1:g.4463004T>G',4463004,4463004,'T','G','G/T','NW_001867386.1',4463003,4463003,2,1,4463004,4463004,1,1,1,1,1,'./.,./.,./.,./.,./.,./.,G/T,./.','[{''pop_id'' : 12179, ''pop_name'' : ''EQUUS_CABALLUS'', ''freq_info'' : [{''allele'' : ''G'', ''cnt'' : 2.0, ''freq'' : 0.5}, {''allele'' : ''T'', ''cnt'' : 2.0, ''freq'' : 0.5}]}]',8062000);
INSERT INTO dbsnp_variant_load_6b5b53a74e4c0aa493ceeb6e75c72436 values(68446836,105144978,856370,'BROAD_EQUCAB2.0:2008.08.08','NC_009144.2:g.4463004T>G',4463004,4463004,'T','NW_001867386.1:g.4463004T>G',4463004,4463004,'T','G','G/T','NW_001867386.1',4463003,4463003,2,1,4463004,4463004,1,1,1,1,1,'./.,./.,./.,./.,./.,G/T,./.','[{''pop_id'' : 12179, ''pop_name'' : ''EQUUS_CABALLUS'', ''freq_info'' : [{''allele'' : ''G'', ''cnt'' : 2.0, ''freq'' : 0.5}, {''allele'' : ''T'', ''cnt'' : 2.0, ''freq'' : 0.5}]}]',8062000);
INSERT INTO dbsnp_variant_load_6b5b53a74e4c0aa493ceeb6e75c72436 values(68446847,105144989,856370,'BROAD_EQUCAB2.0:2008.08.08','NC_009144.2:g.4535791G>A',4535791,4535791,'G','NW_001867386.1:g.4535791G>A',4535791,4535791,'G','A','A/G','NW_001867386.1',4535790,4535790,2,1,4535791,4535791,1,1,1,1,1,'./.,./.,./.,A/G,./.,./.,./.,./.','[{''pop_id'' : 12179, ''pop_name'' : ''EQUUS_CABALLUS'', ''freq_info'' : [{''allele'' : ''G'', ''cnt'' : 2.0, ''freq'' : 0.5}, {''allele'' : ''A'', ''cnt'' : 2.0, ''freq'' : 0.5}]}]',8062002);
INSERT INTO dbsnp_variant_load_6b5b53a74e4c0aa493ceeb6e75c72436 values(68446847,105144989,856370,'BROAD_EQUCAB2.0:2008.08.08','NC_009144.2:g.4535791G>A',4535791,4535791,'G','NW_001867386.1:g.4535791G>A',4535791,4535791,'G','A','A/G','NW_001867386.1',4535790,4535790,2,1,4535791,4535791,1,1,1,1,1,'./.,./.,A/G,./.,./.,./.,./.','[{''pop_id'' : 12179, ''pop_name'' : ''EQUUS_CABALLUS'', ''freq_info'' : [{''allele'' : ''G'', ''cnt'' : 2.0, ''freq'' : 0.5}, {''allele'' : ''A'', ''cnt'' : 2.0, ''freq'' : 0.5}]}]',8062002);
INSERT INTO dbsnp_variant_load_6b5b53a74e4c0aa493ceeb6e75c72436 values(68446854,105144996,856370,'BROAD_EQUCAB2.0:2008.08.08','NC_009144.2:g.4546441G>C',4546441,4546441,'G','NW_001867386.1:g.4546441G>C',4546441,4546441,'G','C','C/G','NW_001867386.1',4546440,4546440,2,1,4546441,4546441,1,1,1,1,1,'./.,./.,./.,C/G,./.,./.,./.,./.','[{''pop_id'' : 12179, ''pop_name'' : ''EQUUS_CABALLUS'', ''freq_info'' : [{''allele'' : ''G'', ''cnt'' : 2.0, ''freq'' : 0.5}, {''allele'' : ''C'', ''cnt'' : 2.0, ''freq'' : 0.5}]}]',8062004);
INSERT INTO dbsnp_variant_load_6b5b53a74e4c0aa493ceeb6e75c72436 values(68446854,105144996,856370,'BROAD_EQUCAB2.0:2008.08.08','NC_009144.2:g.4546441G>C',4546441,4546441,'G','NW_001867386.1:g.4546441G>C',4546441,4546441,'G','C','C/G','NW_001867386.1',4546440,4546440,2,1,4546441,4546441,1,1,1,1,1,'./.,./.,C/G,./.,./.,./.,./.','[{''pop_id'' : 12179, ''pop_name'' : ''EQUUS_CABALLUS'', ''freq_info'' : [{''allele'' : ''G'', ''cnt'' : 2.0, ''freq'' : 0.5}, {''allele'' : ''C'', ''cnt'' : 2.0, ''freq'' : 0.5}]}]',8062004);
INSERT INTO dbsnp_variant_load_6b5b53a74e4c0aa493ceeb6e75c72436 values(68445919,105167861,856370,'BROAD_EQUCAB2.0:2008.08.08','NC_009144.2:g.58299894C>T',58299894,58299894,'C','NW_001867386.1:g.58299894C>T',58299894,58299894,'C','T','T/C','NW_001867386.1',58299893,58299893,2,1,58299894,58299894,1,1,1,1,1,'./.,./.,./.,./.,T/C,./.,./.,./.','[{''pop_id'' : 12179, ''pop_name'' : ''EQUUS_CABALLUS'', ''freq_info'' : [{''allele'' : ''T'', ''cnt'' : 2.0, ''freq'' : 0.5}, {''allele'' : ''C'', ''cnt'' : 2.0, ''freq'' : 0.5}]}]',8061937);
INSERT INTO dbsnp_variant_load_6b5b53a74e4c0aa493ceeb6e75c72436 values(68445919,105167861,856370,'BROAD_EQUCAB2.0:2008.08.08','NC_009144.2:g.58299894C>T',58299894,58299894,'C','NW_001867386.1:g.58299894C>T',58299894,58299894,'C','T','T/C','NW_001867386.1',58299893,58299893,2,1,58299894,58299894,1,1,1,1,1,'./.,./.,./.,T/C,./.,./.,./.','[{''pop_id'' : 12179, ''pop_name'' : ''EQUUS_CABALLUS'', ''freq_info'' : [{''allele'' : ''T'', ''cnt'' : 2.0, ''freq'' : 0.5}, {''allele'' : ''C'', ''cnt'' : 2.0, ''freq'' : 0.5}]}]',8061937);
INSERT INTO dbsnp_variant_load_6b5b53a74e4c0aa493ceeb6e75c72436 values(68445926,105167868,856370,'BROAD_EQUCAB2.0:2008.08.08','NC_009144.2:g.58410564T>G',58410564,58410564,'T','NW_001867386.1:g.58410564T>G',58410564,58410564,'T','G','G/T','NW_001867386.1',58410563,58410563,2,1,58410564,58410564,1,1,1,1,1,'./.,./.,./.,./.,G/T,./.,./.,./.','[{''pop_id'' : 12179, ''pop_name'' : ''EQUUS_CABALLUS'', ''freq_info'' : [{''allele'' : ''G'', ''cnt'' : 2.0, ''freq'' : 0.5}, {''allele'' : ''T'', ''cnt'' : 2.0, ''freq'' : 0.5}]}]',8061939);
INSERT INTO dbsnp_variant_load_6b5b53a74e4c0aa493ceeb6e75c72436 values(68445926,105167868,856370,'BROAD_EQUCAB2.0:2008.08.08','NC_009144.2:g.58410564T>G',58410564,58410564,'T','NW_001867386.1:g.58410564T>G',58410564,58410564,'T','G','G/T','NW_001867386.1',58410563,58410563,2,1,58410564,58410564,1,1,1,1,1,'./.,./.,./.,G/T,./.,./.,./.','[{''pop_id'' : 12179, ''pop_name'' : ''EQUUS_CABALLUS'', ''freq_info'' : [{''allele'' : ''G'', ''cnt'' : 2.0, ''freq'' : 0.5}, {''allele'' : ''T'', ''cnt'' : 2.0, ''freq'' : 0.5}]}]',8061939);
INSERT INTO dbsnp_variant_load_6b5b53a74e4c0aa493ceeb6e75c72436 values(68445930,105167872,856370,'BROAD_EQUCAB2.0:2008.08.08','NC_009144.2:g.58420862C>T',58420862,58420862,'C','NW_001867386.1:g.58420862C>T',58420862,58420862,'C','T','T/C','NW_001867386.1',58420861,58420861,2,1,58420862,58420862,1,1,1,1,1,'./.,./.,./.,./.,./.,T/C,./.,./.','[{''pop_id'' : 12179, ''pop_name'' : ''EQUUS_CABALLUS'', ''freq_info'' : [{''allele'' : ''T'', ''cnt'' : 2.0, ''freq'' : 0.5}, {''allele'' : ''C'', ''cnt'' : 2.0, ''freq'' : 0.5}]}]',8061941);
INSERT INTO dbsnp_variant_load_6b5b53a74e4c0aa493ceeb6e75c72436 values(68445930,105167872,856370,'BROAD_EQUCAB2.0:2008.08.08','NC_009144.2:g.58420862C>T',58420862,58420862,'C','NW_001867386.1:g.58420862C>T',58420862,58420862,'C','T','T/C','NW_001867386.1',58420861,58420861,2,1,58420862,58420862,1,1,1,1,1,'./.,./.,./.,./.,T/C,./.,./.','[{''pop_id'' : 12179, ''pop_name'' : ''EQUUS_CABALLUS'', ''freq_info'' : [{''allele'' : ''T'', ''cnt'' : 2.0, ''freq'' : 0.5}, {''allele'' : ''C'', ''cnt'' : 2.0, ''freq'' : 0.5}]}]',8061941);
INSERT INTO dbsnp_variant_load_6b5b53a74e4c0aa493ceeb6e75c72436 values(68445943,105167885,856370,'BROAD_EQUCAB2.0:2008.08.08','NC_009144.2:g.58434816T>G',58434816,58434816,'T','NW_001867386.1:g.58434816T>G',58434816,58434816,'T','G','G/T','NW_001867386.1',58434815,58434815,2,1,58434816,58434816,1,1,1,1,1,'./.,./.,./.,./.,./.,G/T,./.,./.','[{''pop_id'' : 12179, ''pop_name'' : ''EQUUS_CABALLUS'', ''freq_info'' : [{''allele'' : ''G'', ''cnt'' : 2.0, ''freq'' : 0.5}, {''allele'' : ''T'', ''cnt'' : 2.0, ''freq'' : 0.5}]}]',8061943);
INSERT INTO dbsnp_variant_load_6b5b53a74e4c0aa493ceeb6e75c72436 values(68445943,105167885,856370,'BROAD_EQUCAB2.0:2008.08.08','NC_009144.2:g.58434816T>G',58434816,58434816,'T','NW_001867386.1:g.58434816T>G',58434816,58434816,'T','G','G/T','NW_001867386.1',58434815,58434815,2,1,58434816,58434816,1,1,1,1,1,'./.,./.,./.,./.,G/T,./.,./.','[{''pop_id'' : 12179, ''pop_name'' : ''EQUUS_CABALLUS'', ''freq_info'' : [{''allele'' : ''G'', ''cnt'' : 2.0, ''freq'' : 0.5}, {''allele'' : ''T'', ''cnt'' : 2.0, ''freq'' : 0.5}]}]',8061943);
INSERT INTO dbsnp_variant_load_6b5b53a74e4c0aa493ceeb6e75c72436 values(68445944,105167886,856370,'BROAD_EQUCAB2.0:2008.08.08','NC_009144.2:g.58457516G>A',58457516,58457516,'G','NW_001867386.1:g.58457516G>A',58457516,58457516,'G','A','A/G','NW_001867386.1',58457515,58457515,2,1,58457516,58457516,1,1,1,1,1,'./.,A/G,./.,./.,./.,./.,./.,./.','[{''pop_id'' : 12179, ''pop_name'' : ''EQUUS_CABALLUS'', ''freq_info'' : [{''allele'' : ''G'', ''cnt'' : 2.0, ''freq'' : 0.5}, {''allele'' : ''A'', ''cnt'' : 2.0, ''freq'' : 0.5}]}]',8061944);
INSERT INTO dbsnp_variant_load_6b5b53a74e4c0aa493ceeb6e75c72436 values(68445944,105167886,856370,'BROAD_EQUCAB2.0:2008.08.08','NC_009144.2:g.58457516G>A',58457516,58457516,'G','NW_001867386.1:g.58457516G>A',58457516,58457516,'G','A','A/G','NW_001867386.1',58457515,58457515,2,1,58457516,58457516,1,1,1,1,1,'A/G,./.,./.,./.,./.,./.,./.','[{''pop_id'' : 12179, ''pop_name'' : ''EQUUS_CABALLUS'', ''freq_info'' : [{''allele'' : ''G'', ''cnt'' : 2.0, ''freq'' : 0.5}, {''allele'' : ''A'', ''cnt'' : 2.0, ''freq'' : 0.5}]}]',8061944);
INSERT INTO dbsnp_variant_load_6b5b53a74e4c0aa493ceeb6e75c72436 values(68445947,105167889,856370,'BROAD_EQUCAB2.0:2008.08.08','NC_009144.2:g.58474389C>T',58474389,58474389,'C','NW_001867386.1:g.58474389C>T',58474389,58474389,'C','T','T/C','NW_001867386.1',58474388,58474388,2,1,58474389,58474389,1,1,1,1,1,'./.,./.,./.,./.,T/C,./.,./.,./.','[{''pop_id'' : 12179, ''pop_name'' : ''EQUUS_CABALLUS'', ''freq_info'' : [{''allele'' : ''T'', ''cnt'' : 2.0, ''freq'' : 0.5}, {''allele'' : ''C'', ''cnt'' : 2.0, ''freq'' : 0.5}]}]',8061945);
INSERT INTO dbsnp_variant_load_6b5b53a74e4c0aa493ceeb6e75c72436 values(68445947,105167889,856370,'BROAD_EQUCAB2.0:2008.08.08','NC_009144.2:g.58474389C>T',58474389,58474389,'C','NW_001867386.1:g.58474389C>T',58474389,58474389,'C','T','T/C','NW_001867386.1',58474388,58474388,2,1,58474389,58474389,1,1,1,1,1,'./.,./.,./.,T/C,./.,./.,./.','[{''pop_id'' : 12179, ''pop_name'' : ''EQUUS_CABALLUS'', ''freq_info'' : [{''allele'' : ''T'', ''cnt'' : 2.0, ''freq'' : 0.5}, {''allele'' : ''C'', ''cnt'' : 2.0, ''freq'' : 0.5}]}]',8061945);
INSERT INTO dbsnp_variant_load_6b5b53a74e4c0aa493ceeb6e75c72436 values(68445993,105167935,856370,'BROAD_EQUCAB2.0:2008.08.08','NC_009144.2:g.58647833T>C',58647833,58647833,'T','NW_001867386.1:g.58647833T>C',58647833,58647833,'T','C','C/T','NW_001867386.1',58647832,58647832,2,1,58647833,58647833,1,1,1,1,1,'./.,./.,./.,./.,./.,./.,./.,C/T','[{''pop_id'' : 12179, ''pop_name'' : ''EQUUS_CABALLUS'', ''freq_info'' : [{''allele'' : ''T'', ''cnt'' : 2.0, ''freq'' : 0.5}, {''allele'' : ''C'', ''cnt'' : 2.0, ''freq'' : 0.5}]}]',8061950);
INSERT INTO dbsnp_variant_load_6b5b53a74e4c0aa493ceeb6e75c72436 values(68445993,105167935,856370,'BROAD_EQUCAB2.0:2008.08.08','NC_009144.2:g.58647833T>C',58647833,58647833,'T','NW_001867386.1:g.58647833T>C',58647833,58647833,'T','C','C/T','NW_001867386.1',58647832,58647832,2,1,58647833,58647833,1,1,1,1,1,'./.,./.,./.,./.,./.,./.,C/T','[{''pop_id'' : 12179, ''pop_name'' : ''EQUUS_CABALLUS'', ''freq_info'' : [{''allele'' : ''T'', ''cnt'' : 2.0, ''freq'' : 0.5}, {''allele'' : ''C'', ''cnt'' : 2.0, ''freq'' : 0.5}]}]',8061950);
INSERT INTO dbsnp_variant_load_6b5b53a74e4c0aa493ceeb6e75c72436 values(68446001,105167943,856370,'BROAD_EQUCAB2.0:2008.08.08','NC_009144.2:g.58659969T>C',58659969,58659969,'T','NW_001867386.1:g.58659969T>C',58659969,58659969,'T','C','C/T','NW_001867386.1',58659968,58659968,2,1,58659969,58659969,1,1,1,1,1,'./.,./.,./.,./.,./.,./.,./.,C/T','[{''pop_id'' : 12179, ''pop_name'' : ''EQUUS_CABALLUS'', ''freq_info'' : [{''allele'' : ''T'', ''cnt'' : 2.0, ''freq'' : 0.5}, {''allele'' : ''C'', ''cnt'' : 2.0, ''freq'' : 0.5}]}]',8061952);
INSERT INTO dbsnp_variant_load_6b5b53a74e4c0aa493ceeb6e75c72436 values(68446001,105167943,856370,'BROAD_EQUCAB2.0:2008.08.08','NC_009144.2:g.58659969T>C',58659969,58659969,'T','NW_001867386.1:g.58659969T>C',58659969,58659969,'T','C','C/T','NW_001867386.1',58659968,58659968,2,1,58659969,58659969,1,1,1,1,1,'./.,./.,./.,./.,./.,./.,C/T','[{''pop_id'' : 12179, ''pop_name'' : ''EQUUS_CABALLUS'', ''freq_info'' : [{''allele'' : ''T'', ''cnt'' : 2.0, ''freq'' : 0.5}, {''allele'' : ''C'', ''cnt'' : 2.0, ''freq'' : 0.5}]}]',8061952);
INSERT INTO dbsnp_variant_load_6b5b53a74e4c0aa493ceeb6e75c72436 values(68446943,105167985,856370,'BROAD_EQUCAB2.0:2008.08.08','NC_009144.2:g.58745003A>G',58745003,58745003,'A','NW_001867386.1:g.58745003A>G',58745003,58745003,'A','G','G/A','NW_001867386.1',58745002,58745002,2,1,58745003,58745003,1,1,1,1,1,'./.,./.,./.,./.,./.,./.,./.,G/A','[{''pop_id'' : 12179, ''pop_name'' : ''EQUUS_CABALLUS'', ''freq_info'' : [{''allele'' : ''G'', ''cnt'' : 2.0, ''freq'' : 0.5}, {''allele'' : ''A'', ''cnt'' : 2.0, ''freq'' : 0.5}]}]',8062005);
INSERT INTO dbsnp_variant_load_6b5b53a74e4c0aa493ceeb6e75c72436 values(68446943,105167985,856370,'BROAD_EQUCAB2.0:2008.08.08','NC_009144.2:g.58745003A>G',58745003,58745003,'A','NW_001867386.1:g.58745003A>G',58745003,58745003,'A','G','G/A','NW_001867386.1',58745002,58745002,2,1,58745003,58745003,1,1,1,1,1,'./.,./.,./.,./.,./.,./.,G/A','[{''pop_id'' : 12179, ''pop_name'' : ''EQUUS_CABALLUS'', ''freq_info'' : [{''allele'' : ''G'', ''cnt'' : 2.0, ''freq'' : 0.5}, {''allele'' : ''A'', ''cnt'' : 2.0, ''freq'' : 0.5}]}]',8062005);
INSERT INTO dbsnp_variant_load_6b5b53a74e4c0aa493ceeb6e75c72436 values(68446975,105168017,856370,'BROAD_EQUCAB2.0:2008.08.08','NC_009144.2:g.58758282A>G',58758282,58758282,'A','NW_001867386.1:g.58758282A>G',58758282,58758282,'A','G','G/A','NW_001867386.1',58758281,58758281,2,1,58758282,58758282,1,1,1,1,1,'./.,./.,./.,./.,./.,./.,./.,G/A','[{''pop_id'' : 12179, ''pop_name'' : ''EQUUS_CABALLUS'', ''freq_info'' : [{''allele'' : ''G'', ''cnt'' : 2.0, ''freq'' : 0.5}, {''allele'' : ''A'', ''cnt'' : 2.0, ''freq'' : 0.5}]}]',8062008);
INSERT INTO dbsnp_variant_load_6b5b53a74e4c0aa493ceeb6e75c72436 values(68446975,105168017,856370,'BROAD_EQUCAB2.0:2008.08.08','NC_009144.2:g.58758282A>G',58758282,58758282,'A','NW_001867386.1:g.58758282A>G',58758282,58758282,'A','G','G/A','NW_001867386.1',58758281,58758281,2,1,58758282,58758282,1,1,1,1,1,'./.,./.,./.,./.,./.,./.,G/A','[{''pop_id'' : 12179, ''pop_name'' : ''EQUUS_CABALLUS'', ''freq_info'' : [{''allele'' : ''G'', ''cnt'' : 2.0, ''freq'' : 0.5}, {''allele'' : ''A'', ''cnt'' : 2.0, ''freq'' : 0.5}]}]',8062008);
INSERT INTO dbsnp_variant_load_6b5b53a74e4c0aa493ceeb6e75c72436 values(68446984,105168026,856370,'BROAD_EQUCAB2.0:2008.08.08','NC_009144.2:g.58762338G>A',58762338,58762338,'G','NW_001867386.1:g.58762338G>A',58762338,58762338,'G','A','A/G','NW_001867386.1',58762337,58762337,2,1,58762338,58762338,1,1,1,1,1,'./.,./.,./.,./.,./.,./.,./.,A/G','[{''pop_id'' : 12179, ''pop_name'' : ''EQUUS_CABALLUS'', ''freq_info'' : [{''allele'' : ''G'', ''cnt'' : 2.0, ''freq'' : 0.5}, {''allele'' : ''A'', ''cnt'' : 2.0, ''freq'' : 0.5}]}]',8062009);
INSERT INTO dbsnp_variant_load_6b5b53a74e4c0aa493ceeb6e75c72436 values(68446984,105168026,856370,'BROAD_EQUCAB2.0:2008.08.08','NC_009144.2:g.58762338G>A',58762338,58762338,'G','NW_001867386.1:g.58762338G>A',58762338,58762338,'G','A','A/G','NW_001867386.1',58762337,58762337,2,1,58762338,58762338,1,1,1,1,1,'./.,./.,./.,./.,./.,./.,A/G','[{''pop_id'' : 12179, ''pop_name'' : ''EQUUS_CABALLUS'', ''freq_info'' : [{''allele'' : ''G'', ''cnt'' : 2.0, ''freq'' : 0.5}, {''allele'' : ''A'', ''cnt'' : 2.0, ''freq'' : 0.5}]}]',8062009);
INSERT INTO dbsnp_variant_load_6b5b53a74e4c0aa493ceeb6e75c72436 values(68446997,105168039,856370,'BROAD_EQUCAB2.0:2008.08.08','NC_009144.2:g.58766956T>C',58766956,58766956,'T','NW_001867386.1:g.58766956T>C',58766956,58766956,'T','C','C/T','NW_001867386.1',58766955,58766955,2,1,58766956,58766956,1,1,1,1,1,'./.,./.,./.,./.,./.,C/T,./.,./.','[{''pop_id'' : 12179, ''pop_name'' : ''EQUUS_CABALLUS'', ''freq_info'' : [{''allele'' : ''T'', ''cnt'' : 2.0, ''freq'' : 0.5}, {''allele'' : ''C'', ''cnt'' : 2.0, ''freq'' : 0.5}]}]',8062011);
INSERT INTO dbsnp_variant_load_6b5b53a74e4c0aa493ceeb6e75c72436 values(68446997,105168039,856370,'BROAD_EQUCAB2.0:2008.08.08','NC_009144.2:g.58766956T>C',58766956,58766956,'T','NW_001867386.1:g.58766956T>C',58766956,58766956,'T','C','C/T','NW_001867386.1',58766955,58766955,2,1,58766956,58766956,1,1,1,1,1,'./.,./.,./.,./.,C/T,./.,./.','[{''pop_id'' : 12179, ''pop_name'' : ''EQUUS_CABALLUS'', ''freq_info'' : [{''allele'' : ''T'', ''cnt'' : 2.0, ''freq'' : 0.5}, {''allele'' : ''C'', ''cnt'' : 2.0, ''freq'' : 0.5}]}]',8062011);
INSERT INTO dbsnp_variant_load_6b5b53a74e4c0aa493ceeb6e75c72436 values(68446056,105181898,856370,'BROAD_EQUCAB2.0:2008.08.08','NC_009144.2:g.91225865C>G',91225865,91225865,'C','NW_001867387.1:g.24217583C>G',24217583,24217583,'C','G','G/C','NW_001867387.1',24217582,24217582,2,1,91225865,91225865,1,1,1,1,1,'./.,G/C,./.,./.,./.,./.,./.,./.','[{''pop_id'' : 12179, ''pop_name'' : ''EQUUS_CABALLUS'', ''freq_info'' : [{''allele'' : ''G'', ''cnt'' : 2.0, ''freq'' : 0.5}, {''allele'' : ''C'', ''cnt'' : 2.0, ''freq'' : 0.5}]}]',8061953);
INSERT INTO dbsnp_variant_load_6b5b53a74e4c0aa493ceeb6e75c72436 values(68446056,105181898,856370,'BROAD_EQUCAB2.0:2008.08.08','NC_009144.2:g.91225865C>G',91225865,91225865,'C','NW_001867387.1:g.24217583C>G',24217583,24217583,'C','G','G/C','NW_001867387.1',24217582,24217582,2,1,91225865,91225865,1,1,1,1,1,'G/C,./.,./.,./.,./.,./.,./.','[{''pop_id'' : 12179, ''pop_name'' : ''EQUUS_CABALLUS'', ''freq_info'' : [{''allele'' : ''G'', ''cnt'' : 2.0, ''freq'' : 0.5}, {''allele'' : ''C'', ''cnt'' : 2.0, ''freq'' : 0.5}]}]',8061953);
INSERT INTO dbsnp_variant_load_6b5b53a74e4c0aa493ceeb6e75c72436 values(68445132,105197870,856370,'BROAD_EQUCAB2.0:2008.08.08','NC_009144.2:g.125732026G>A',125732026,125732026,'G','NW_001867387.1:g.58723744G>A',58723744,58723744,'G','A','A/G','NW_001867387.1',58723743,58723743,2,1,125732026,125732026,1,1,1,1,1,'./.,A/G,./.,./.,./.,./.,./.,./.','[{''pop_id'' : 12179, ''pop_name'' : ''EQUUS_CABALLUS'', ''freq_info'' : [{''allele'' : ''G'', ''cnt'' : 2.0, ''freq'' : 0.5}, {''allele'' : ''A'', ''cnt'' : 2.0, ''freq'' : 0.5}]}]',8061883);
INSERT INTO dbsnp_variant_load_6b5b53a74e4c0aa493ceeb6e75c72436 values(68445132,105197870,856370,'BROAD_EQUCAB2.0:2008.08.08','NC_009144.2:g.125732026G>A',125732026,125732026,'G','NW_001867387.1:g.58723744G>A',58723744,58723744,'G','A','A/G','NW_001867387.1',58723743,58723743,2,1,125732026,125732026,1,1,1,1,1,'A/G,./.,./.,./.,./.,./.,./.','[{''pop_id'' : 12179, ''pop_name'' : ''EQUUS_CABALLUS'', ''freq_info'' : [{''allele'' : ''G'', ''cnt'' : 2.0, ''freq'' : 0.5}, {''allele'' : ''A'', ''cnt'' : 2.0, ''freq'' : 0.5}]}]',8061883);
INSERT INTO dbsnp_variant_load_6b5b53a74e4c0aa493ceeb6e75c72436 values(68445165,105197903,856370,'BROAD_EQUCAB2.0:2008.08.08','NC_009144.2:g.125756658G>C',125756658,125756658,'G','NW_001867387.1:g.58748376G>C',58748376,58748376,'G','C','C/G','NW_001867387.1',58748375,58748375,2,1,125756658,125756658,1,1,1,1,1,'./.,./.,./.,./.,./.,./.,./.,C/G','[{''pop_id'' : 12179, ''pop_name'' : ''EQUUS_CABALLUS'', ''freq_info'' : [{''allele'' : ''G'', ''cnt'' : 2.0, ''freq'' : 0.5}, {''allele'' : ''C'', ''cnt'' : 2.0, ''freq'' : 0.5}]}]',8061884);
INSERT INTO dbsnp_variant_load_6b5b53a74e4c0aa493ceeb6e75c72436 values(68445165,105197903,856370,'BROAD_EQUCAB2.0:2008.08.08','NC_009144.2:g.125756658G>C',125756658,125756658,'G','NW_001867387.1:g.58748376G>C',58748376,58748376,'G','C','C/G','NW_001867387.1',58748375,58748375,2,1,125756658,125756658,1,1,1,1,1,'./.,./.,./.,./.,./.,./.,C/G','[{''pop_id'' : 12179, ''pop_name'' : ''EQUUS_CABALLUS'', ''freq_info'' : [{''allele'' : ''G'', ''cnt'' : 2.0, ''freq'' : 0.5}, {''allele'' : ''C'', ''cnt'' : 2.0, ''freq'' : 0.5}]}]',8061884);
INSERT INTO dbsnp_variant_load_6b5b53a74e4c0aa493ceeb6e75c72436 values(68446411,105197949,856370,'BROAD_EQUCAB2.0:2008.08.08','NC_009144.2:g.125776768T>G',125776768,125776768,'T','NW_001867387.1:g.58768486T>G',58768486,58768486,'T','G','G/T','NW_001867387.1',58768485,58768485,2,1,125776768,125776768,1,1,1,1,1,'./.,./.,./.,./.,./.,./.,./.,G/T','[{''pop_id'' : 12179, ''pop_name'' : ''EQUUS_CABALLUS'', ''freq_info'' : [{''allele'' : ''G'', ''cnt'' : 2.0, ''freq'' : 0.5}, {''allele'' : ''T'', ''cnt'' : 2.0, ''freq'' : 0.5}]}]',8061963);
INSERT INTO dbsnp_variant_load_6b5b53a74e4c0aa493ceeb6e75c72436 values(68446411,105197949,856370,'BROAD_EQUCAB2.0:2008.08.08','NC_009144.2:g.125776768T>G',125776768,125776768,'T','NW_001867387.1:g.58768486T>G',58768486,58768486,'T','G','G/T','NW_001867387.1',58768485,58768485,2,1,125776768,125776768,1,1,1,1,1,'./.,./.,./.,./.,./.,./.,G/T','[{''pop_id'' : 12179, ''pop_name'' : ''EQUUS_CABALLUS'', ''freq_info'' : [{''allele'' : ''G'', ''cnt'' : 2.0, ''freq'' : 0.5}, {''allele'' : ''T'', ''cnt'' : 2.0, ''freq'' : 0.5}]}]',8061963);
INSERT INTO dbsnp_variant_load_6b5b53a74e4c0aa493ceeb6e75c72436 values(68446451,105197989,856370,'BROAD_EQUCAB2.0:2008.08.08','NC_009144.2:g.125828893C>T',125828893,125828893,'C','NW_001867387.1:g.58820611C>T',58820611,58820611,'C','T','T/C','NW_001867387.1',58820610,58820610,2,1,125828893,125828893,1,1,1,1,1,'./.,./.,./.,./.,./.,./.,./.,T/C','[{''pop_id'' : 12179, ''pop_name'' : ''EQUUS_CABALLUS'', ''freq_info'' : [{''allele'' : ''T'', ''cnt'' : 2.0, ''freq'' : 0.5}, {''allele'' : ''C'', ''cnt'' : 2.0, ''freq'' : 0.5}]}]',8061965);
INSERT INTO dbsnp_variant_load_6b5b53a74e4c0aa493ceeb6e75c72436 values(68446451,105197989,856370,'BROAD_EQUCAB2.0:2008.08.08','NC_009144.2:g.125828893C>T',125828893,125828893,'C','NW_001867387.1:g.58820611C>T',58820611,58820611,'C','T','T/C','NW_001867387.1',58820610,58820610,2,1,125828893,125828893,1,1,1,1,1,'./.,./.,./.,./.,./.,./.,T/C','[{''pop_id'' : 12179, ''pop_name'' : ''EQUUS_CABALLUS'', ''freq_info'' : [{''allele'' : ''T'', ''cnt'' : 2.0, ''freq'' : 0.5}, {''allele'' : ''C'', ''cnt'' : 2.0, ''freq'' : 0.5}]}]',8061965);
INSERT INTO dbsnp_variant_load_6b5b53a74e4c0aa493ceeb6e75c72436 values(68446480,105198018,856370,'BROAD_EQUCAB2.0:2008.08.08','NC_009144.2:g.125893524C>G',125893524,125893524,'C','NW_001867387.1:g.58885242C>G',58885242,58885242,'C','G','G/C','NW_001867387.1',58885241,58885241,2,1,125893524,125893524,1,1,1,1,1,'./.,./.,./.,./.,./.,./.,./.,G/C','[{''pop_id'' : 12179, ''pop_name'' : ''EQUUS_CABALLUS'', ''freq_info'' : [{''allele'' : ''G'', ''cnt'' : 2.0, ''freq'' : 0.5}, {''allele'' : ''C'', ''cnt'' : 2.0, ''freq'' : 0.5}]}]',8061968);
INSERT INTO dbsnp_variant_load_6b5b53a74e4c0aa493ceeb6e75c72436 values(68446480,105198018,856370,'BROAD_EQUCAB2.0:2008.08.08','NC_009144.2:g.125893524C>G',125893524,125893524,'C','NW_001867387.1:g.58885242C>G',58885242,58885242,'C','G','G/C','NW_001867387.1',58885241,58885241,2,1,125893524,125893524,1,1,1,1,1,'./.,./.,./.,./.,./.,./.,G/C','[{''pop_id'' : 12179, ''pop_name'' : ''EQUUS_CABALLUS'', ''freq_info'' : [{''allele'' : ''G'', ''cnt'' : 2.0, ''freq'' : 0.5}, {''allele'' : ''C'', ''cnt'' : 2.0, ''freq'' : 0.5}]}]',8061968);
INSERT INTO dbsnp_variant_load_6b5b53a74e4c0aa493ceeb6e75c72436 values(68446482,105198020,856370,'BROAD_EQUCAB2.0:2008.08.08','NC_009144.2:g.125893577G>A',125893577,125893577,'G','NW_001867387.1:g.58885295G>A',58885295,58885295,'G','A','A/G','NW_001867387.1',58885294,58885294,2,1,125893577,125893577,1,1,1,1,1,'./.,./.,./.,./.,./.,./.,./.,A/G','[{''pop_id'' : 12179, ''pop_name'' : ''EQUUS_CABALLUS'', ''freq_info'' : [{''allele'' : ''G'', ''cnt'' : 2.0, ''freq'' : 0.5}, {''allele'' : ''A'', ''cnt'' : 2.0, ''freq'' : 0.5}]}]',8061969);
INSERT INTO dbsnp_variant_load_6b5b53a74e4c0aa493ceeb6e75c72436 values(68446482,105198020,856370,'BROAD_EQUCAB2.0:2008.08.08','NC_009144.2:g.125893577G>A',125893577,125893577,'G','NW_001867387.1:g.58885295G>A',58885295,58885295,'G','A','A/G','NW_001867387.1',58885294,58885294,2,1,125893577,125893577,1,1,1,1,1,'./.,./.,./.,./.,./.,./.,A/G','[{''pop_id'' : 12179, ''pop_name'' : ''EQUUS_CABALLUS'', ''freq_info'' : [{''allele'' : ''G'', ''cnt'' : 2.0, ''freq'' : 0.5}, {''allele'' : ''A'', ''cnt'' : 2.0, ''freq'' : 0.5}]}]',8061969);
INSERT INTO dbsnp_variant_load_6b5b53a74e4c0aa493ceeb6e75c72436 values(68446490,105198028,856370,'BROAD_EQUCAB2.0:2008.08.08','NC_009144.2:g.125919602T>C',125919602,125919602,'T','NW_001867387.1:g.58911320T>C',58911320,58911320,'T','C','C/T','NW_001867387.1',58911319,58911319,2,1,125919602,125919602,1,1,1,1,1,'./.,./.,./.,./.,./.,./.,./.,C/T','[{''pop_id'' : 12179, ''pop_name'' : ''EQUUS_CABALLUS'', ''freq_info'' : [{''allele'' : ''T'', ''cnt'' : 2.0, ''freq'' : 0.5}, {''allele'' : ''C'', ''cnt'' : 2.0, ''freq'' : 0.5}]}]',8061970);
INSERT INTO dbsnp_variant_load_6b5b53a74e4c0aa493ceeb6e75c72436 values(68446490,105198028,856370,'BROAD_EQUCAB2.0:2008.08.08','NC_009144.2:g.125919602T>C',125919602,125919602,'T','NW_001867387.1:g.58911320T>C',58911320,58911320,'T','C','C/T','NW_001867387.1',58911319,58911319,2,1,125919602,125919602,1,1,1,1,1,'./.,./.,./.,./.,./.,./.,C/T','[{''pop_id'' : 12179, ''pop_name'' : ''EQUUS_CABALLUS'', ''freq_info'' : [{''allele'' : ''T'', ''cnt'' : 2.0, ''freq'' : 0.5}, {''allele'' : ''C'', ''cnt'' : 2.0, ''freq'' : 0.5}]}]',8061970);
INSERT INTO dbsnp_variant_load_6b5b53a74e4c0aa493ceeb6e75c72436 values(68447025,105198063,856370,'BROAD_EQUCAB2.0:2008.08.08','NC_009144.2:g.125962719G>A',125962719,125962719,'G','NW_001867387.1:g.58954437G>A',58954437,58954437,'G','A','A/G','NW_001867387.1',58954436,58954436,2,1,125962719,125962719,1,1,1,1,1,'./.,./.,./.,./.,./.,./.,./.,A/G','[{''pop_id'' : 12179, ''pop_name'' : ''EQUUS_CABALLUS'', ''freq_info'' : [{''allele'' : ''G'', ''cnt'' : 2.0, ''freq'' : 0.5}, {''allele'' : ''A'', ''cnt'' : 2.0, ''freq'' : 0.5}]}]',8062012);
INSERT INTO dbsnp_variant_load_6b5b53a74e4c0aa493ceeb6e75c72436 values(68447025,105198063,856370,'BROAD_EQUCAB2.0:2008.08.08','NC_009144.2:g.125962719G>A',125962719,125962719,'G','NW_001867387.1:g.58954437G>A',58954437,58954437,'G','A','A/G','NW_001867387.1',58954436,58954436,2,1,125962719,125962719,1,1,1,1,1,'./.,./.,./.,./.,./.,./.,A/G','[{''pop_id'' : 12179, ''pop_name'' : ''EQUUS_CABALLUS'', ''freq_info'' : [{''allele'' : ''G'', ''cnt'' : 2.0, ''freq'' : 0.5}, {''allele'' : ''A'', ''cnt'' : 2.0, ''freq'' : 0.5}]}]',8062012);
INSERT INTO dbsnp_variant_load_6b5b53a74e4c0aa493ceeb6e75c72436 values(68447061,105198099,856370,'BROAD_EQUCAB2.0:2008.08.08','NC_009144.2:g.126047358G>A',126047358,126047358,'G','NW_001867387.1:g.59039076G>A',59039076,59039076,'G','A','A/G','NW_001867387.1',59039075,59039075,2,1,126047358,126047358,1,1,1,1,1,'./.,./.,./.,./.,./.,./.,./.,A/G','[{''pop_id'' : 12179, ''pop_name'' : ''EQUUS_CABALLUS'', ''freq_info'' : [{''allele'' : ''G'', ''cnt'' : 2.0, ''freq'' : 0.5}, {''allele'' : ''A'', ''cnt'' : 2.0, ''freq'' : 0.5}]}]',8062013);
INSERT INTO dbsnp_variant_load_6b5b53a74e4c0aa493ceeb6e75c72436 values(68447061,105198099,856370,'BROAD_EQUCAB2.0:2008.08.08','NC_009144.2:g.126047358G>A',126047358,126047358,'G','NW_001867387.1:g.59039076G>A',59039076,59039076,'G','A','A/G','NW_001867387.1',59039075,59039075,2,1,126047358,126047358,1,1,1,1,1,'./.,./.,./.,./.,./.,./.,A/G','[{''pop_id'' : 12179, ''pop_name'' : ''EQUUS_CABALLUS'', ''freq_info'' : [{''allele'' : ''G'', ''cnt'' : 2.0, ''freq'' : 0.5}, {''allele'' : ''A'', ''cnt'' : 2.0, ''freq'' : 0.5}]}]',8062013);
INSERT INTO dbsnp_variant_load_6b5b53a74e4c0aa493ceeb6e75c72436 values(68447067,105198105,856370,'BROAD_EQUCAB2.0:2008.08.08','NC_009144.2:g.126066916A>G',126066916,126066916,'A','NW_001867387.1:g.59058634A>G',59058634,59058634,'A','G','G/A','NW_001867387.1',59058633,59058633,2,1,126066916,126066916,1,1,1,1,1,'./.,./.,./.,./.,./.,./.,./.,G/A','[{''pop_id'' : 12179, ''pop_name'' : ''EQUUS_CABALLUS'', ''freq_info'' : [{''allele'' : ''G'', ''cnt'' : 2.0, ''freq'' : 0.5}, {''allele'' : ''A'', ''cnt'' : 2.0, ''freq'' : 0.5}]}]',8062014);
INSERT INTO dbsnp_variant_load_6b5b53a74e4c0aa493ceeb6e75c72436 values(68447067,105198105,856370,'BROAD_EQUCAB2.0:2008.08.08','NC_009144.2:g.126066916A>G',126066916,126066916,'A','NW_001867387.1:g.59058634A>G',59058634,59058634,'A','G','G/A','NW_001867387.1',59058633,59058633,2,1,126066916,126066916,1,1,1,1,1,'./.,./.,./.,./.,./.,./.,G/A','[{''pop_id'' : 12179, ''pop_name'' : ''EQUUS_CABALLUS'', ''freq_info'' : [{''allele'' : ''G'', ''cnt'' : 2.0, ''freq'' : 0.5}, {''allele'' : ''A'', ''cnt'' : 2.0, ''freq'' : 0.5}]}]',8062014);
INSERT INTO dbsnp_variant_load_6b5b53a74e4c0aa493ceeb6e75c72436 values(68447087,105198125,856370,'BROAD_EQUCAB2.0:2008.08.08','NC_009144.2:g.126104178T>A',126104178,126104178,'T','NW_001867387.1:g.59095896T>A',59095896,59095896,'T','A','A/T','NW_001867387.1',59095895,59095895,2,1,126104178,126104178,1,1,1,1,1,'./.,./.,./.,./.,./.,./.,./.,A/T','[{''pop_id'' : 12179, ''pop_name'' : ''EQUUS_CABALLUS'', ''freq_info'' : [{''allele'' : ''T'', ''cnt'' : 2.0, ''freq'' : 0.5}, {''allele'' : ''A'', ''cnt'' : 2.0, ''freq'' : 0.5}]}]',8062015);
INSERT INTO dbsnp_variant_load_6b5b53a74e4c0aa493ceeb6e75c72436 values(68447087,105198125,856370,'BROAD_EQUCAB2.0:2008.08.08','NC_009144.2:g.126104178T>A',126104178,126104178,'T','NW_001867387.1:g.59095896T>A',59095896,59095896,'T','A','A/T','NW_001867387.1',59095895,59095895,2,1,126104178,126104178,1,1,1,1,1,'./.,./.,./.,./.,./.,./.,A/T','[{''pop_id'' : 12179, ''pop_name'' : ''EQUUS_CABALLUS'', ''freq_info'' : [{''allele'' : ''T'', ''cnt'' : 2.0, ''freq'' : 0.5}, {''allele'' : ''A'', ''cnt'' : 2.0, ''freq'' : 0.5}]}]',8062015);
INSERT INTO dbsnp_variant_load_6b5b53a74e4c0aa493ceeb6e75c72436 values(68447098,105198136,856370,'BROAD_EQUCAB2.0:2008.08.08','NC_009144.2:g.126110247C>T',126110247,126110247,'C','NW_001867387.1:g.59101965C>T',59101965,59101965,'C','T','T/C','NW_001867387.1',59101964,59101964,2,1,126110247,126110247,1,1,1,1,1,'./.,./.,./.,T/C,./.,./.,./.,./.','[{''pop_id'' : 12179, ''pop_name'' : ''EQUUS_CABALLUS'', ''freq_info'' : [{''allele'' : ''T'', ''cnt'' : 2.0, ''freq'' : 0.5}, {''allele'' : ''C'', ''cnt'' : 2.0, ''freq'' : 0.5}]}]',8062016);
INSERT INTO dbsnp_variant_load_6b5b53a74e4c0aa493ceeb6e75c72436 values(68447098,105198136,856370,'BROAD_EQUCAB2.0:2008.08.08','NC_009144.2:g.126110247C>T',126110247,126110247,'C','NW_001867387.1:g.59101965C>T',59101965,59101965,'C','T','T/C','NW_001867387.1',59101964,59101964,2,1,126110247,126110247,1,1,1,1,1,'./.,./.,T/C,./.,./.,./.,./.','[{''pop_id'' : 12179, ''pop_name'' : ''EQUUS_CABALLUS'', ''freq_info'' : [{''allele'' : ''T'', ''cnt'' : 2.0, ''freq'' : 0.5}, {''allele'' : ''C'', ''cnt'' : 2.0, ''freq'' : 0.5}]}]',8062016);
INSERT INTO dbsnp_variant_load_6b5b53a74e4c0aa493ceeb6e75c72436 values(68445304,105207835,856370,'BROAD_EQUCAB2.0:2008.08.08','NC_009144.2:g.149256401A>G',149256401,149256401,'A','NW_001867387.1:g.82248119A>G',82248119,82248119,'A','G','G/A','NW_001867387.1',82248118,82248118,2,1,149256401,149256401,1,1,1,1,1,'./.,./.,./.,./.,./.,./.,./.,G/A','[{''pop_id'' : 12179, ''pop_name'' : ''EQUUS_CABALLUS'', ''freq_info'' : [{''allele'' : ''G'', ''cnt'' : 2.0, ''freq'' : 0.5}, {''allele'' : ''A'', ''cnt'' : 2.0, ''freq'' : 0.5}]}]',8061891);
INSERT INTO dbsnp_variant_load_6b5b53a74e4c0aa493ceeb6e75c72436 values(68445304,105207835,856370,'BROAD_EQUCAB2.0:2008.08.08','NC_009144.2:g.149256401A>G',149256401,149256401,'A','NW_001867387.1:g.82248119A>G',82248119,82248119,'A','G','G/A','NW_001867387.1',82248118,82248118,2,1,149256401,149256401,1,1,1,1,1,'./.,./.,./.,./.,./.,./.,G/A','[{''pop_id'' : 12179, ''pop_name'' : ''EQUUS_CABALLUS'', ''freq_info'' : [{''allele'' : ''G'', ''cnt'' : 2.0, ''freq'' : 0.5}, {''allele'' : ''A'', ''cnt'' : 2.0, ''freq'' : 0.5}]}]',8061891);
INSERT INTO dbsnp_variant_load_6b5b53a74e4c0aa493ceeb6e75c72436 values(68445317,105207848,856370,'BROAD_EQUCAB2.0:2008.08.08','NC_009144.2:g.149264553A>T',149264553,149264553,'A','NW_001867387.1:g.82256271A>T',82256271,82256271,'A','T','T/A','NW_001867387.1',82256270,82256270,2,1,149264553,149264553,1,1,1,1,1,'./.,./.,./.,./.,./.,./.,./.,T/A','[{''pop_id'' : 12179, ''pop_name'' : ''EQUUS_CABALLUS'', ''freq_info'' : [{''allele'' : ''T'', ''cnt'' : 2.0, ''freq'' : 0.5}, {''allele'' : ''A'', ''cnt'' : 2.0, ''freq'' : 0.5}]}]',8061893);
INSERT INTO dbsnp_variant_load_6b5b53a74e4c0aa493ceeb6e75c72436 values(68445317,105207848,856370,'BROAD_EQUCAB2.0:2008.08.08','NC_009144.2:g.149264553A>T',149264553,149264553,'A','NW_001867387.1:g.82256271A>T',82256271,82256271,'A','T','T/A','NW_001867387.1',82256270,82256270,2,1,149264553,149264553,1,1,1,1,1,'./.,./.,./.,./.,./.,./.,T/A','[{''pop_id'' : 12179, ''pop_name'' : ''EQUUS_CABALLUS'', ''freq_info'' : [{''allele'' : ''T'', ''cnt'' : 2.0, ''freq'' : 0.5}, {''allele'' : ''A'', ''cnt'' : 2.0, ''freq'' : 0.5}]}]',8061893);
INSERT INTO dbsnp_variant_load_6b5b53a74e4c0aa493ceeb6e75c72436 values(68445329,105207860,856370,'BROAD_EQUCAB2.0:2008.08.08','NC_009144.2:g.149282049G>T',149282049,149282049,'G','NW_001867387.1:g.82273767G>T',82273767,82273767,'G','T','T/G','NW_001867387.1',82273766,82273766,2,1,149282049,149282049,1,1,1,1,1,'./.,./.,./.,./.,./.,./.,./.,T/G','[{''pop_id'' : 12179, ''pop_name'' : ''EQUUS_CABALLUS'', ''freq_info'' : [{''allele'' : ''G'', ''cnt'' : 2.0, ''freq'' : 0.5}, {''allele'' : ''T'', ''cnt'' : 2.0, ''freq'' : 0.5}]}]',8061895);
INSERT INTO dbsnp_variant_load_6b5b53a74e4c0aa493ceeb6e75c72436 values(68445329,105207860,856370,'BROAD_EQUCAB2.0:2008.08.08','NC_009144.2:g.149282049G>T',149282049,149282049,'G','NW_001867387.1:g.82273767G>T',82273767,82273767,'G','T','T/G','NW_001867387.1',82273766,82273766,2,1,149282049,149282049,1,1,1,1,1,'./.,./.,./.,./.,./.,./.,T/G','[{''pop_id'' : 12179, ''pop_name'' : ''EQUUS_CABALLUS'', ''freq_info'' : [{''allele'' : ''G'', ''cnt'' : 2.0, ''freq'' : 0.5}, {''allele'' : ''T'', ''cnt'' : 2.0, ''freq'' : 0.5}]}]',8061895);
INSERT INTO dbsnp_variant_load_6b5b53a74e4c0aa493ceeb6e75c72436 values(68445331,105207862,856370,'BROAD_EQUCAB2.0:2008.08.08','NC_009144.2:g.149287553C>T',149287553,149287553,'C','NW_001867387.1:g.82279271C>T',82279271,82279271,'C','T','T/C','NW_001867387.1',82279270,82279270,2,1,149287553,149287553,1,1,1,1,1,'./.,./.,./.,T/C,./.,./.,./.,./.','[{''pop_id'' : 12179, ''pop_name'' : ''EQUUS_CABALLUS'', ''freq_info'' : [{''allele'' : ''T'', ''cnt'' : 2.0, ''freq'' : 0.5}, {''allele'' : ''C'', ''cnt'' : 2.0, ''freq'' : 0.5}]}]',8061896);
INSERT INTO dbsnp_variant_load_6b5b53a74e4c0aa493ceeb6e75c72436 values(68445331,105207862,856370,'BROAD_EQUCAB2.0:2008.08.08','NC_009144.2:g.149287553C>T',149287553,149287553,'C','NW_001867387.1:g.82279271C>T',82279271,82279271,'C','T','T/C','NW_001867387.1',82279270,82279270,2,1,149287553,149287553,1,1,1,1,1,'./.,./.,T/C,./.,./.,./.,./.','[{''pop_id'' : 12179, ''pop_name'' : ''EQUUS_CABALLUS'', ''freq_info'' : [{''allele'' : ''T'', ''cnt'' : 2.0, ''freq'' : 0.5}, {''allele'' : ''C'', ''cnt'' : 2.0, ''freq'' : 0.5}]}]',8061896);
INSERT INTO dbsnp_variant_load_6b5b53a74e4c0aa493ceeb6e75c72436 values(68445333,105207864,856370,'BROAD_EQUCAB2.0:2008.08.08','NC_009144.2:g.149290501T>C',149290501,149290501,'T','NW_001867387.1:g.82282219T>C',82282219,82282219,'T','C','C/T','NW_001867387.1',82282218,82282218,2,1,149290501,149290501,1,1,1,1,1,'./.,./.,./.,./.,./.,./.,./.,C/T','[{''pop_id'' : 12179, ''pop_name'' : ''EQUUS_CABALLUS'', ''freq_info'' : [{''allele'' : ''T'', ''cnt'' : 2.0, ''freq'' : 0.5}, {''allele'' : ''C'', ''cnt'' : 2.0, ''freq'' : 0.5}]}]',8061897);
INSERT INTO dbsnp_variant_load_6b5b53a74e4c0aa493ceeb6e75c72436 values(68445333,105207864,856370,'BROAD_EQUCAB2.0:2008.08.08','NC_009144.2:g.149290501T>C',149290501,149290501,'T','NW_001867387.1:g.82282219T>C',82282219,82282219,'T','C','C/T','NW_001867387.1',82282218,82282218,2,1,149290501,149290501,1,1,1,1,1,'./.,./.,./.,./.,./.,./.,C/T','[{''pop_id'' : 12179, ''pop_name'' : ''EQUUS_CABALLUS'', ''freq_info'' : [{''allele'' : ''T'', ''cnt'' : 2.0, ''freq'' : 0.5}, {''allele'' : ''C'', ''cnt'' : 2.0, ''freq'' : 0.5}]}]',8061897);
INSERT INTO dbsnp_variant_load_6b5b53a74e4c0aa493ceeb6e75c72436 values(68445342,105207873,856370,'BROAD_EQUCAB2.0:2008.08.08','NC_009144.2:g.149312024G>T',149312024,149312024,'G','NW_001867387.1:g.82303742G>T',82303742,82303742,'G','T','T/G','NW_001867387.1',82303741,82303741,2,1,149312024,149312024,1,1,1,1,1,'./.,./.,./.,./.,./.,T/G,./.,./.','[{''pop_id'' : 12179, ''pop_name'' : ''EQUUS_CABALLUS'', ''freq_info'' : [{''allele'' : ''G'', ''cnt'' : 2.0, ''freq'' : 0.5}, {''allele'' : ''T'', ''cnt'' : 2.0, ''freq'' : 0.5}]}]',8061898);
INSERT INTO dbsnp_variant_load_6b5b53a74e4c0aa493ceeb6e75c72436 values(68445342,105207873,856370,'BROAD_EQUCAB2.0:2008.08.08','NC_009144.2:g.149312024G>T',149312024,149312024,'G','NW_001867387.1:g.82303742G>T',82303742,82303742,'G','T','T/G','NW_001867387.1',82303741,82303741,2,1,149312024,149312024,1,1,1,1,1,'./.,./.,./.,./.,T/G,./.,./.','[{''pop_id'' : 12179, ''pop_name'' : ''EQUUS_CABALLUS'', ''freq_info'' : [{''allele'' : ''G'', ''cnt'' : 2.0, ''freq'' : 0.5}, {''allele'' : ''T'', ''cnt'' : 2.0, ''freq'' : 0.5}]}]',8061898);
INSERT INTO dbsnp_variant_load_6b5b53a74e4c0aa493ceeb6e75c72436 values(68445378,105207909,856370,'BROAD_EQUCAB2.0:2008.08.08','NC_009144.2:g.149407309A>G',149407309,149407309,'A','NW_001867387.1:g.82399027A>G',82399027,82399027,'A','G','G/A','NW_001867387.1',82399026,82399026,2,1,149407309,149407309,1,1,1,1,1,'./.,./.,./.,./.,./.,./.,./.,G/A','[{''pop_id'' : 12179, ''pop_name'' : ''EQUUS_CABALLUS'', ''freq_info'' : [{''allele'' : ''G'', ''cnt'' : 2.0, ''freq'' : 0.5}, {''allele'' : ''A'', ''cnt'' : 2.0, ''freq'' : 0.5}]}]',8061899);
INSERT INTO dbsnp_variant_load_6b5b53a74e4c0aa493ceeb6e75c72436 values(68445378,105207909,856370,'BROAD_EQUCAB2.0:2008.08.08','NC_009144.2:g.149407309A>G',149407309,149407309,'A','NW_001867387.1:g.82399027A>G',82399027,82399027,'A','G','G/A','NW_001867387.1',82399026,82399026,2,1,149407309,149407309,1,1,1,1,1,'./.,./.,./.,./.,./.,./.,G/A','[{''pop_id'' : 12179, ''pop_name'' : ''EQUUS_CABALLUS'', ''freq_info'' : [{''allele'' : ''G'', ''cnt'' : 2.0, ''freq'' : 0.5}, {''allele'' : ''A'', ''cnt'' : 2.0, ''freq'' : 0.5}]}]',8061899);
INSERT INTO dbsnp_variant_load_6b5b53a74e4c0aa493ceeb6e75c72436 values(68445386,105207917,856370,'BROAD_EQUCAB2.0:2008.08.08','NC_009144.2:g.149427508C>T',149427508,149427508,'C','NW_001867387.1:g.82419226C>T',82419226,82419226,'C','T','T/C','NW_001867387.1',82419225,82419225,2,1,149427508,149427508,1,1,1,1,1,'./.,./.,./.,./.,./.,./.,./.,T/C','[{''pop_id'' : 12179, ''pop_name'' : ''EQUUS_CABALLUS'', ''freq_info'' : [{''allele'' : ''T'', ''cnt'' : 2.0, ''freq'' : 0.5}, {''allele'' : ''C'', ''cnt'' : 2.0, ''freq'' : 0.5}]}]',8061900);
INSERT INTO dbsnp_variant_load_6b5b53a74e4c0aa493ceeb6e75c72436 values(68445386,105207917,856370,'BROAD_EQUCAB2.0:2008.08.08','NC_009144.2:g.149427508C>T',149427508,149427508,'C','NW_001867387.1:g.82419226C>T',82419226,82419226,'C','T','T/C','NW_001867387.1',82419225,82419225,2,1,149427508,149427508,1,1,1,1,1,'./.,./.,./.,./.,./.,./.,T/C','[{''pop_id'' : 12179, ''pop_name'' : ''EQUUS_CABALLUS'', ''freq_info'' : [{''allele'' : ''T'', ''cnt'' : 2.0, ''freq'' : 0.5}, {''allele'' : ''C'', ''cnt'' : 2.0, ''freq'' : 0.5}]}]',8061900);
INSERT INTO dbsnp_variant_load_6b5b53a74e4c0aa493ceeb6e75c72436 values(68445398,105207929,856370,'BROAD_EQUCAB2.0:2008.08.08','NC_009144.2:g.149445289A>G',149445289,149445289,'A','NW_001867387.1:g.82437007A>G',82437007,82437007,'A','G','G/A','NW_001867387.1',82437006,82437006,2,1,149445289,149445289,1,1,1,1,1,'./.,./.,./.,./.,./.,./.,./.,G/A','[{''pop_id'' : 12179, ''pop_name'' : ''EQUUS_CABALLUS'', ''freq_info'' : [{''allele'' : ''G'', ''cnt'' : 2.0, ''freq'' : 0.5}, {''allele'' : ''A'', ''cnt'' : 2.0, ''freq'' : 0.5}]}]',8061901);
INSERT INTO dbsnp_variant_load_6b5b53a74e4c0aa493ceeb6e75c72436 values(68445398,105207929,856370,'BROAD_EQUCAB2.0:2008.08.08','NC_009144.2:g.149445289A>G',149445289,149445289,'A','NW_001867387.1:g.82437007A>G',82437007,82437007,'A','G','G/A','NW_001867387.1',82437006,82437006,2,1,149445289,149445289,1,1,1,1,1,'./.,./.,./.,./.,./.,./.,G/A','[{''pop_id'' : 12179, ''pop_name'' : ''EQUUS_CABALLUS'', ''freq_info'' : [{''allele'' : ''G'', ''cnt'' : 2.0, ''freq'' : 0.5}, {''allele'' : ''A'', ''cnt'' : 2.0, ''freq'' : 0.5}]}]',8061901);
INSERT INTO dbsnp_variant_load_6b5b53a74e4c0aa493ceeb6e75c72436 values(68446707,105207938,856370,'BROAD_EQUCAB2.0:2008.08.08','NC_009144.2:g.149456131T>A',149456131,149456131,'T','NW_001867387.1:g.82447849T>A',82447849,82447849,'T','A','A/T','NW_001867387.1',82447848,82447848,2,1,149456131,149456131,1,1,1,1,1,'./.,./.,./.,./.,./.,./.,./.,A/T','[{''pop_id'' : 12179, ''pop_name'' : ''EQUUS_CABALLUS'', ''freq_info'' : [{''allele'' : ''T'', ''cnt'' : 2.0, ''freq'' : 0.5}, {''allele'' : ''A'', ''cnt'' : 2.0, ''freq'' : 0.5}]}]',8061981);
INSERT INTO dbsnp_variant_load_6b5b53a74e4c0aa493ceeb6e75c72436 values(68446707,105207938,856370,'BROAD_EQUCAB2.0:2008.08.08','NC_009144.2:g.149456131T>A',149456131,149456131,'T','NW_001867387.1:g.82447849T>A',82447849,82447849,'T','A','A/T','NW_001867387.1',82447848,82447848,2,1,149456131,149456131,1,1,1,1,1,'./.,./.,./.,./.,./.,./.,A/T','[{''pop_id'' : 12179, ''pop_name'' : ''EQUUS_CABALLUS'', ''freq_info'' : [{''allele'' : ''T'', ''cnt'' : 2.0, ''freq'' : 0.5}, {''allele'' : ''A'', ''cnt'' : 2.0, ''freq'' : 0.5}]}]',8061981);
INSERT INTO dbsnp_variant_load_6b5b53a74e4c0aa493ceeb6e75c72436 values(68446708,105207939,856370,'BROAD_EQUCAB2.0:2008.08.08','NC_009144.2:g.149456164G>A',149456164,149456164,'G','NW_001867387.1:g.82447882G>A',82447882,82447882,'G','A','A/G','NW_001867387.1',82447881,82447881,2,1,149456164,149456164,1,1,1,1,1,'./.,./.,./.,./.,./.,./.,./.,A/G','[{''pop_id'' : 12179, ''pop_name'' : ''EQUUS_CABALLUS'', ''freq_info'' : [{''allele'' : ''G'', ''cnt'' : 2.0, ''freq'' : 0.5}, {''allele'' : ''A'', ''cnt'' : 2.0, ''freq'' : 0.5}]}]',8061982);
INSERT INTO dbsnp_variant_load_6b5b53a74e4c0aa493ceeb6e75c72436 values(68446708,105207939,856370,'BROAD_EQUCAB2.0:2008.08.08','NC_009144.2:g.149456164G>A',149456164,149456164,'G','NW_001867387.1:g.82447882G>A',82447882,82447882,'G','A','A/G','NW_001867387.1',82447881,82447881,2,1,149456164,149456164,1,1,1,1,1,'./.,./.,./.,./.,./.,./.,A/G','[{''pop_id'' : 12179, ''pop_name'' : ''EQUUS_CABALLUS'', ''freq_info'' : [{''allele'' : ''G'', ''cnt'' : 2.0, ''freq'' : 0.5}, {''allele'' : ''A'', ''cnt'' : 2.0, ''freq'' : 0.5}]}]',8061982);
INSERT INTO dbsnp_variant_load_6b5b53a74e4c0aa493ceeb6e75c72436 values(68446710,105207941,856370,'BROAD_EQUCAB2.0:2008.08.08','NC_009144.2:g.149461602C>T',149461602,149461602,'C','NW_001867387.1:g.82453320C>T',82453320,82453320,'C','T','T/C','NW_001867387.1',82453319,82453319,2,1,149461602,149461602,1,1,1,1,1,'./.,./.,./.,./.,./.,./.,./.,T/C','[{''pop_id'' : 12179, ''pop_name'' : ''EQUUS_CABALLUS'', ''freq_info'' : [{''allele'' : ''T'', ''cnt'' : 2.0, ''freq'' : 0.5}, {''allele'' : ''C'', ''cnt'' : 2.0, ''freq'' : 0.5}]}]',8061983);
INSERT INTO dbsnp_variant_load_6b5b53a74e4c0aa493ceeb6e75c72436 values(68446710,105207941,856370,'BROAD_EQUCAB2.0:2008.08.08','NC_009144.2:g.149461602C>T',149461602,149461602,'C','NW_001867387.1:g.82453320C>T',82453320,82453320,'C','T','T/C','NW_001867387.1',82453319,82453319,2,1,149461602,149461602,1,1,1,1,1,'./.,./.,./.,./.,./.,./.,T/C','[{''pop_id'' : 12179, ''pop_name'' : ''EQUUS_CABALLUS'', ''freq_info'' : [{''allele'' : ''T'', ''cnt'' : 2.0, ''freq'' : 0.5}, {''allele'' : ''C'', ''cnt'' : 2.0, ''freq'' : 0.5}]}]',8061983);
INSERT INTO dbsnp_variant_load_6b5b53a74e4c0aa493ceeb6e75c72436 values(68446712,105207943,856370,'BROAD_EQUCAB2.0:2008.08.08','NC_009144.2:g.149465327G>A',149465327,149465327,'G','NW_001867387.1:g.82457045G>A',82457045,82457045,'G','A','A/G','NW_001867387.1',82457044,82457044,2,1,149465327,149465327,1,1,1,1,1,'./.,./.,./.,./.,./.,./.,./.,A/G','[{''pop_id'' : 12179, ''pop_name'' : ''EQUUS_CABALLUS'', ''freq_info'' : [{''allele'' : ''G'', ''cnt'' : 2.0, ''freq'' : 0.5}, {''allele'' : ''A'', ''cnt'' : 2.0, ''freq'' : 0.5}]}]',8061984);
INSERT INTO dbsnp_variant_load_6b5b53a74e4c0aa493ceeb6e75c72436 values(68446712,105207943,856370,'BROAD_EQUCAB2.0:2008.08.08','NC_009144.2:g.149465327G>A',149465327,149465327,'G','NW_001867387.1:g.82457045G>A',82457045,82457045,'G','A','A/G','NW_001867387.1',82457044,82457044,2,1,149465327,149465327,1,1,1,1,1,'./.,./.,./.,./.,./.,./.,A/G','[{''pop_id'' : 12179, ''pop_name'' : ''EQUUS_CABALLUS'', ''freq_info'' : [{''allele'' : ''G'', ''cnt'' : 2.0, ''freq'' : 0.5}, {''allele'' : ''A'', ''cnt'' : 2.0, ''freq'' : 0.5}]}]',8061984);
INSERT INTO dbsnp_variant_load_6b5b53a74e4c0aa493ceeb6e75c72436 values(68446731,105207962,856370,'BROAD_EQUCAB2.0:2008.08.08','NC_009144.2:g.149510640G>A',149510640,149510640,'G','NW_001867387.1:g.82502358G>A',82502358,82502358,'G','A','A/G','NW_001867387.1',82502357,82502357,2,1,149510640,149510640,1,1,1,1,1,'./.,./.,./.,./.,./.,./.,./.,A/G','[{''pop_id'' : 12179, ''pop_name'' : ''EQUUS_CABALLUS'', ''freq_info'' : [{''allele'' : ''G'', ''cnt'' : 2.0, ''freq'' : 0.5}, {''allele'' : ''A'', ''cnt'' : 2.0, ''freq'' : 0.5}]}]',8061986);
INSERT INTO dbsnp_variant_load_6b5b53a74e4c0aa493ceeb6e75c72436 values(68446731,105207962,856370,'BROAD_EQUCAB2.0:2008.08.08','NC_009144.2:g.149510640G>A',149510640,149510640,'G','NW_001867387.1:g.82502358G>A',82502358,82502358,'G','A','A/G','NW_001867387.1',82502357,82502357,2,1,149510640,149510640,1,1,1,1,1,'./.,./.,./.,./.,./.,./.,A/G','[{''pop_id'' : 12179, ''pop_name'' : ''EQUUS_CABALLUS'', ''freq_info'' : [{''allele'' : ''G'', ''cnt'' : 2.0, ''freq'' : 0.5}, {''allele'' : ''A'', ''cnt'' : 2.0, ''freq'' : 0.5}]}]',8061986);
INSERT INTO dbsnp_variant_load_6b5b53a74e4c0aa493ceeb6e75c72436 values(68446755,105207986,856370,'BROAD_EQUCAB2.0:2008.08.08','NC_009144.2:g.149537420T>C',149537420,149537420,'T','NW_001867387.1:g.82529138T>C',82529138,82529138,'T','C','C/T','NW_001867387.1',82529137,82529137,2,1,149537420,149537420,1,1,1,1,1,'./.,./.,./.,./.,./.,./.,./.,C/T','[{''pop_id'' : 12179, ''pop_name'' : ''EQUUS_CABALLUS'', ''freq_info'' : [{''allele'' : ''T'', ''cnt'' : 2.0, ''freq'' : 0.5}, {''allele'' : ''C'', ''cnt'' : 2.0, ''freq'' : 0.5}]}]',8061990);
INSERT INTO dbsnp_variant_load_6b5b53a74e4c0aa493ceeb6e75c72436 values(68446755,105207986,856370,'BROAD_EQUCAB2.0:2008.08.08','NC_009144.2:g.149537420T>C',149537420,149537420,'T','NW_001867387.1:g.82529138T>C',82529138,82529138,'T','C','C/T','NW_001867387.1',82529137,82529137,2,1,149537420,149537420,1,1,1,1,1,'./.,./.,./.,./.,./.,./.,C/T','[{''pop_id'' : 12179, ''pop_name'' : ''EQUUS_CABALLUS'', ''freq_info'' : [{''allele'' : ''T'', ''cnt'' : 2.0, ''freq'' : 0.5}, {''allele'' : ''C'', ''cnt'' : 2.0, ''freq'' : 0.5}]}]',8061990);
INSERT INTO dbsnp_variant_load_6b5b53a74e4c0aa493ceeb6e75c72436 values(68446792,105208023,856370,'BROAD_EQUCAB2.0:2008.08.08','NC_009144.2:g.149591671C>T',149591671,149591671,'C','NW_001867387.1:g.82583389C>T',82583389,82583389,'C','T','T/C','NW_001867387.1',82583388,82583388,2,1,149591671,149591671,1,1,1,1,1,'./.,./.,./.,./.,./.,./.,./.,T/C','[{''pop_id'' : 12179, ''pop_name'' : ''EQUUS_CABALLUS'', ''freq_info'' : [{''allele'' : ''T'', ''cnt'' : 2.0, ''freq'' : 0.5}, {''allele'' : ''C'', ''cnt'' : 2.0, ''freq'' : 0.5}]}]',8061993);
INSERT INTO dbsnp_variant_load_6b5b53a74e4c0aa493ceeb6e75c72436 values(68446792,105208023,856370,'BROAD_EQUCAB2.0:2008.08.08','NC_009144.2:g.149591671C>T',149591671,149591671,'C','NW_001867387.1:g.82583389C>T',82583389,82583389,'C','T','T/C','NW_001867387.1',82583388,82583388,2,1,149591671,149591671,1,1,1,1,1,'./.,./.,./.,./.,./.,./.,T/C','[{''pop_id'' : 12179, ''pop_name'' : ''EQUUS_CABALLUS'', ''freq_info'' : [{''allele'' : ''T'', ''cnt'' : 2.0, ''freq'' : 0.5}, {''allele'' : ''C'', ''cnt'' : 2.0, ''freq'' : 0.5}]}]',8061993);
INSERT INTO dbsnp_variant_load_6b5b53a74e4c0aa493ceeb6e75c72436 values(68446801,105208032,856370,'BROAD_EQUCAB2.0:2008.08.08','NC_009144.2:g.149605849A>C',149605849,149605849,'A','NW_001867387.1:g.82597567A>C',82597567,82597567,'A','C','C/A','NW_001867387.1',82597566,82597566,2,1,149605849,149605849,1,1,1,1,1,'./.,./.,./.,./.,./.,./.,./.,C/A','[{''pop_id'' : 12179, ''pop_name'' : ''EQUUS_CABALLUS'', ''freq_info'' : [{''allele'' : ''A'', ''cnt'' : 2.0, ''freq'' : 0.5}, {''allele'' : ''C'', ''cnt'' : 2.0, ''freq'' : 0.5}]}]',8061995);
INSERT INTO dbsnp_variant_load_6b5b53a74e4c0aa493ceeb6e75c72436 values(68446801,105208032,856370,'BROAD_EQUCAB2.0:2008.08.08','NC_009144.2:g.149605849A>C',149605849,149605849,'A','NW_001867387.1:g.82597567A>C',82597567,82597567,'A','C','C/A','NW_001867387.1',82597566,82597566,2,1,149605849,149605849,1,1,1,1,1,'./.,./.,./.,./.,./.,./.,C/A','[{''pop_id'' : 12179, ''pop_name'' : ''EQUUS_CABALLUS'', ''freq_info'' : [{''allele'' : ''A'', ''cnt'' : 2.0, ''freq'' : 0.5}, {''allele'' : ''C'', ''cnt'' : 2.0, ''freq'' : 0.5}]}]',8061995);
INSERT INTO dbsnp_variant_load_6b5b53a74e4c0aa493ceeb6e75c72436 values(68444909,105225840,856370,'BROAD_EQUCAB2.0:2008.08.08','NC_009144.2:g.171300870C>T',171300870,171300870,'C','NW_001867388.1:g.8848357C>T',8848357,8848357,'C','T','T/C','NW_001867388.1',8848356,8848356,2,1,171300870,171300870,1,1,1,1,1,'./.,./.,./.,./.,T/C,./.,./.,./.','[{''pop_id'' : 12179, ''pop_name'' : ''EQUUS_CABALLUS'', ''freq_info'' : [{''allele'' : ''C'', ''cnt'' : 2.0, ''freq'' : 0.5}, {''allele'' : ''T'', ''cnt'' : 2.0, ''freq'' : 0.5}]}]',8061865);
INSERT INTO dbsnp_variant_load_6b5b53a74e4c0aa493ceeb6e75c72436 values(68444909,105225840,856370,'BROAD_EQUCAB2.0:2008.08.08','NC_009144.2:g.171300870C>T',171300870,171300870,'C','NW_001867388.1:g.8848357C>T',8848357,8848357,'C','T','T/C','NW_001867388.1',8848356,8848356,2,1,171300870,171300870,1,1,1,1,1,'./.,./.,./.,T/C,./.,./.,./.','[{''pop_id'' : 12179, ''pop_name'' : ''EQUUS_CABALLUS'', ''freq_info'' : [{''allele'' : ''C'', ''cnt'' : 2.0, ''freq'' : 0.5}, {''allele'' : ''T'', ''cnt'' : 2.0, ''freq'' : 0.5}]}]',8061865);
INSERT INTO dbsnp_variant_load_6b5b53a74e4c0aa493ceeb6e75c72436 values(68444924,105225855,856370,'BROAD_EQUCAB2.0:2008.08.08','NC_009144.2:g.171378962T>A',171378962,171378962,'T','NW_001867388.1:g.8926449T>A',8926449,8926449,'T','A','A/T','NW_001867388.1',8926448,8926448,2,1,171378962,171378962,1,1,1,1,1,'./.,./.,./.,./.,./.,./.,./.,A/T','[{''pop_id'' : 12179, ''pop_name'' : ''EQUUS_CABALLUS'', ''freq_info'' : [{''allele'' : ''T'', ''cnt'' : 2.0, ''freq'' : 0.5}, {''allele'' : ''A'', ''cnt'' : 2.0, ''freq'' : 0.5}]}]',8061868);
INSERT INTO dbsnp_variant_load_6b5b53a74e4c0aa493ceeb6e75c72436 values(68444924,105225855,856370,'BROAD_EQUCAB2.0:2008.08.08','NC_009144.2:g.171378962T>A',171378962,171378962,'T','NW_001867388.1:g.8926449T>A',8926449,8926449,'T','A','A/T','NW_001867388.1',8926448,8926448,2,1,171378962,171378962,1,1,1,1,1,'./.,./.,./.,./.,./.,./.,A/T','[{''pop_id'' : 12179, ''pop_name'' : ''EQUUS_CABALLUS'', ''freq_info'' : [{''allele'' : ''T'', ''cnt'' : 2.0, ''freq'' : 0.5}, {''allele'' : ''A'', ''cnt'' : 2.0, ''freq'' : 0.5}]}]',8061868);
INSERT INTO dbsnp_variant_load_6b5b53a74e4c0aa493ceeb6e75c72436 values(68444937,105225868,856370,'BROAD_EQUCAB2.0:2008.08.08','NC_009144.2:g.171439038A>G',171439038,171439038,'A','NW_001867388.1:g.8986525A>G',8986525,8986525,'A','G','G/A','NW_001867388.1',8986524,8986524,2,1,171439038,171439038,1,1,1,1,1,'G/A,./.,./.,./.,./.,./.,./.,./.','[{''pop_id'' : 12179, ''pop_name'' : ''EQUUS_CABALLUS'', ''freq_info'' : [{''allele'' : ''G'', ''cnt'' : 1.0, ''freq'' : 0.5}, {''allele'' : ''A'', ''cnt'' : 1.0, ''freq'' : 0.5}]}]',8061869);
INSERT INTO dbsnp_variant_load_6b5b53a74e4c0aa493ceeb6e75c72436 values(68444954,105225885,856370,'BROAD_EQUCAB2.0:2008.08.08','NC_009144.2:g.171443956G>T',171443956,171443956,'G','NW_001867388.1:g.8991443G>T',8991443,8991443,'G','T','T/G','NW_001867388.1',8991442,8991442,2,1,171443956,171443956,1,1,1,1,1,'./.,./.,./.,T/G,./.,./.,./.,T/G','[{''pop_id'' : 12179, ''pop_name'' : ''EQUUS_CABALLUS'', ''freq_info'' : [{''allele'' : ''T'', ''cnt'' : 4.0, ''freq'' : 0.5}, {''allele'' : ''G'', ''cnt'' : 4.0, ''freq'' : 0.5}]}]',8061870);
INSERT INTO dbsnp_variant_load_6b5b53a74e4c0aa493ceeb6e75c72436 values(68444954,105225885,856370,'BROAD_EQUCAB2.0:2008.08.08','NC_009144.2:g.171443956G>T',171443956,171443956,'G','NW_001867388.1:g.8991443G>T',8991443,8991443,'G','T','T/G','NW_001867388.1',8991442,8991442,2,1,171443956,171443956,1,1,1,1,1,'./.,./.,T/G,./.,./.,./.,T/G','[{''pop_id'' : 12179, ''pop_name'' : ''EQUUS_CABALLUS'', ''freq_info'' : [{''allele'' : ''T'', ''cnt'' : 4.0, ''freq'' : 0.5}, {''allele'' : ''G'', ''cnt'' : 4.0, ''freq'' : 0.5}]}]',8061870);
INSERT INTO dbsnp_variant_load_6b5b53a74e4c0aa493ceeb6e75c72436 values(68444970,105225901,856370,'BROAD_EQUCAB2.0:2008.08.08','NC_009144.2:g.171450512T>C',171450512,171450512,'T','NW_001867388.1:g.8997999T>C',8997999,8997999,'T','C','C/T','NW_001867388.1',8997998,8997998,2,1,171450512,171450512,1,1,1,1,1,'./.,./.,./.,./.,./.,./.,./.,C/T','[{''pop_id'' : 12179, ''pop_name'' : ''EQUUS_CABALLUS'', ''freq_info'' : [{''allele'' : ''C'', ''cnt'' : 2.0, ''freq'' : 0.5}, {''allele'' : ''T'', ''cnt'' : 2.0, ''freq'' : 0.5}]}]',8061872);
INSERT INTO dbsnp_variant_load_6b5b53a74e4c0aa493ceeb6e75c72436 values(68444970,105225901,856370,'BROAD_EQUCAB2.0:2008.08.08','NC_009144.2:g.171450512T>C',171450512,171450512,'T','NW_001867388.1:g.8997999T>C',8997999,8997999,'T','C','C/T','NW_001867388.1',8997998,8997998,2,1,171450512,171450512,1,1,1,1,1,'./.,./.,./.,./.,./.,./.,C/T','[{''pop_id'' : 12179, ''pop_name'' : ''EQUUS_CABALLUS'', ''freq_info'' : [{''allele'' : ''C'', ''cnt'' : 2.0, ''freq'' : 0.5}, {''allele'' : ''T'', ''cnt'' : 2.0, ''freq'' : 0.5}]}]',8061872);
INSERT INTO dbsnp_variant_load_6b5b53a74e4c0aa493ceeb6e75c72436 values(68445433,105226864,856370,'BROAD_EQUCAB2.0:2008.08.08','NC_009144.2:g.173255350C>T',173255350,173255350,'C','NW_001867388.1:g.10802837C>T',10802837,10802837,'C','T','T/C','NW_001867388.1',10802836,10802836,2,1,173255350,173255350,1,1,1,1,1,'T/C,./.,./.,./.,./.,./.,./.,./.','[{''pop_id'' : 12179, ''pop_name'' : ''EQUUS_CABALLUS'', ''freq_info'' : [{''allele'' : ''C'', ''cnt'' : 1.0, ''freq'' : 0.5}, {''allele'' : ''T'', ''cnt'' : 1.0, ''freq'' : 0.5}]}]',8061903);
INSERT INTO dbsnp_variant_load_6b5b53a74e4c0aa493ceeb6e75c72436 values(68446115,105229857,856370,'BROAD_EQUCAB2.0:2008.08.08','NC_009144.2:g.177285845T>A',177285845,177285845,'T','NW_001867388.1:g.14833332T>A',14833332,14833332,'T','A','A/T','NW_001867388.1',14833331,14833331,2,1,177285845,177285845,1,1,1,1,1,'./.,./.,./.,./.,./.,./.,./.,A/T','[{''pop_id'' : 12179, ''pop_name'' : ''EQUUS_CABALLUS'', ''freq_info'' : [{''allele'' : ''A'', ''cnt'' : 2.0, ''freq'' : 0.5}, {''allele'' : ''T'', ''cnt'' : 2.0, ''freq'' : 0.5}]}]',8061955);
INSERT INTO dbsnp_variant_load_6b5b53a74e4c0aa493ceeb6e75c72436 values(68446115,105229857,856370,'BROAD_EQUCAB2.0:2008.08.08','NC_009144.2:g.177285845T>A',177285845,177285845,'T','NW_001867388.1:g.14833332T>A',14833332,14833332,'T','A','A/T','NW_001867388.1',14833331,14833331,2,1,177285845,177285845,1,1,1,1,1,'./.,./.,./.,./.,./.,./.,A/T','[{''pop_id'' : 12179, ''pop_name'' : ''EQUUS_CABALLUS'', ''freq_info'' : [{''allele'' : ''A'', ''cnt'' : 2.0, ''freq'' : 0.5}, {''allele'' : ''T'', ''cnt'' : 2.0, ''freq'' : 0.5}]}]',8061955);
INSERT INTO dbsnp_variant_load_6b5b53a74e4c0aa493ceeb6e75c72436 values(68446122,105229864,856370,'BROAD_EQUCAB2.0:2008.08.08','NC_009144.2:g.177289878G>A',177289878,177289878,'G','NW_001867388.1:g.14837365G>A',14837365,14837365,'G','A','A/G','NW_001867388.1',14837364,14837364,2,1,177289878,177289878,1,1,1,1,1,'./.,./.,./.,A/G,./.,./.,./.,A/G','[{''pop_id'' : 12179, ''pop_name'' : ''EQUUS_CABALLUS'', ''freq_info'' : [{''allele'' : ''A'', ''cnt'' : 4.0, ''freq'' : 0.5}, {''allele'' : ''G'', ''cnt'' : 4.0, ''freq'' : 0.5}]}]',8061956);
INSERT INTO dbsnp_variant_load_6b5b53a74e4c0aa493ceeb6e75c72436 values(68446122,105229864,856370,'BROAD_EQUCAB2.0:2008.08.08','NC_009144.2:g.177289878G>A',177289878,177289878,'G','NW_001867388.1:g.14837365G>A',14837365,14837365,'G','A','A/G','NW_001867388.1',14837364,14837364,2,1,177289878,177289878,1,1,1,1,1,'./.,./.,A/G,./.,./.,./.,A/G','[{''pop_id'' : 12179, ''pop_name'' : ''EQUUS_CABALLUS'', ''freq_info'' : [{''allele'' : ''A'', ''cnt'' : 4.0, ''freq'' : 0.5}, {''allele'' : ''G'', ''cnt'' : 4.0, ''freq'' : 0.5}]}]',8061956);
INSERT INTO dbsnp_variant_load_6b5b53a74e4c0aa493ceeb6e75c72436 values(68446131,105229873,856370,'BROAD_EQUCAB2.0:2008.08.08','NC_009144.2:g.177294684A>G',177294684,177294684,'A','NW_001867388.1:g.14842171A>G',14842171,14842171,'A','G','G/A','NW_001867388.1',14842170,14842170,2,1,177294684,177294684,1,1,1,1,1,'./.,./.,./.,./.,./.,./.,./.,G/A','[{''pop_id'' : 12179, ''pop_name'' : ''EQUUS_CABALLUS'', ''freq_info'' : [{''allele'' : ''A'', ''cnt'' : 2.0, ''freq'' : 0.5}, {''allele'' : ''G'', ''cnt'' : 2.0, ''freq'' : 0.5}]}]',8061957);
INSERT INTO dbsnp_variant_load_6b5b53a74e4c0aa493ceeb6e75c72436 values(68446131,105229873,856370,'BROAD_EQUCAB2.0:2008.08.08','NC_009144.2:g.177294684A>G',177294684,177294684,'A','NW_001867388.1:g.14842171A>G',14842171,14842171,'A','G','G/A','NW_001867388.1',14842170,14842170,2,1,177294684,177294684,1,1,1,1,1,'./.,./.,./.,./.,./.,./.,G/A','[{''pop_id'' : 12179, ''pop_name'' : ''EQUUS_CABALLUS'', ''freq_info'' : [{''allele'' : ''A'', ''cnt'' : 2.0, ''freq'' : 0.5}, {''allele'' : ''G'', ''cnt'' : 2.0, ''freq'' : 0.5}]}]',8061957);
INSERT INTO dbsnp_variant_load_6b5b53a74e4c0aa493ceeb6e75c72436 values(68446137,105229879,856370,'BROAD_EQUCAB2.0:2008.08.08','NC_009144.2:g.177299758A>T',177299758,177299758,'A','NW_001867388.1:g.14847245A>T',14847245,14847245,'A','T','T/A','NW_001867388.1',14847244,14847244,2,1,177299758,177299758,1,1,1,1,1,'./.,./.,./.,./.,./.,./.,./.,T/A','[{''pop_id'' : 12179, ''pop_name'' : ''EQUUS_CABALLUS'', ''freq_info'' : [{''allele'' : ''T'', ''cnt'' : 2.0, ''freq'' : 0.5}, {''allele'' : ''A'', ''cnt'' : 2.0, ''freq'' : 0.5}]}]',8061958);
INSERT INTO dbsnp_variant_load_6b5b53a74e4c0aa493ceeb6e75c72436 values(68446137,105229879,856370,'BROAD_EQUCAB2.0:2008.08.08','NC_009144.2:g.177299758A>T',177299758,177299758,'A','NW_001867388.1:g.14847245A>T',14847245,14847245,'A','T','T/A','NW_001867388.1',14847244,14847244,2,1,177299758,177299758,1,1,1,1,1,'./.,./.,./.,./.,./.,./.,T/A','[{''pop_id'' : 12179, ''pop_name'' : ''EQUUS_CABALLUS'', ''freq_info'' : [{''allele'' : ''T'', ''cnt'' : 2.0, ''freq'' : 0.5}, {''allele'' : ''A'', ''cnt'' : 2.0, ''freq'' : 0.5}]}]',8061958);
INSERT INTO dbsnp_variant_load_6b5b53a74e4c0aa493ceeb6e75c72436 values(68445261,105327665,856370,'BROAD_EQUCAB2.0:2008.08.08','NC_009146.2:g.1816983G>A',1816983,1816983,'G','NW_001867410.1:g.1816983G>A',1816983,1816983,'G','A','A/G','NW_001867410.1',1816982,1816982,2,3,1816983,1816983,1,1,1,1,1,'./.,./.,./.,./.,./.,./.,./.,A/G','[{''pop_id'' : 12179, ''pop_name'' : ''EQUUS_CABALLUS'', ''freq_info'' : [{''allele'' : ''A'', ''cnt'' : 1.0, ''freq'' : 0.5}, {''allele'' : ''G'', ''cnt'' : 1.0, ''freq'' : 0.5}]}]',8061887);
INSERT INTO dbsnp_variant_load_6b5b53a74e4c0aa493ceeb6e75c72436 values(68445284,105327688,856370,'BROAD_EQUCAB2.0:2008.08.08','NC_009145.2:g.1413973T>C',1413973,1413973,'T','NW_001867402.1:g.1413973T>C',1413973,1413973,'T','C','C/T','NW_001867402.1',1413972,1413972,2,2,1413973,1413973,1,1,1,1,1,'./.,./.,./.,./.,./.,./.,./.,C/T','[{''pop_id'' : 12179, ''pop_name'' : ''EQUUS_CABALLUS'', ''freq_info'' : [{''allele'' : ''T'', ''cnt'' : 1.0, ''freq'' : 0.5}, {''allele'' : ''C'', ''cnt'' : 1.0, ''freq'' : 0.5}]}]',8061889);
INSERT INTO dbsnp_variant_load_6b5b53a74e4c0aa493ceeb6e75c72436 values(68446309,105327713,856370,'BROAD_EQUCAB2.0:2008.08.08','NC_009146.2:g.1895387G>A',1895387,1895387,'G','NW_001867410.1:g.1895387G>A',1895387,1895387,'G','A','A/G','NW_001867410.1',1895386,1895386,2,3,1895387,1895387,1,1,1,1,1,'./.,./.,./.,./.,./.,./.,./.,A/G','[{''pop_id'' : 12179, ''pop_name'' : ''EQUUS_CABALLUS'', ''freq_info'' : [{''allele'' : ''A'', ''cnt'' : 1.0, ''freq'' : 0.5}, {''allele'' : ''G'', ''cnt'' : 1.0, ''freq'' : 0.5}]}]',8061959);
INSERT INTO dbsnp_variant_load_6b5b53a74e4c0aa493ceeb6e75c72436 values(68446311,105327715,856370,'BROAD_EQUCAB2.0:2008.08.08','NC_009146.2:g.1895419T>C',1895419,1895419,'T','NW_001867410.1:g.1895419T>C',1895419,1895419,'T','C','C/T','NW_001867410.1',1895418,1895418,2,3,1895419,1895419,1,1,1,1,1,'./.,./.,./.,./.,./.,./.,./.,C/T','[{''pop_id'' : 12179, ''pop_name'' : ''EQUUS_CABALLUS'', ''freq_info'' : [{''allele'' : ''C'', ''cnt'' : 1.0, ''freq'' : 0.5}, {''allele'' : ''T'', ''cnt'' : 1.0, ''freq'' : 0.5}]}]',8061960);
INSERT INTO dbsnp_variant_load_6b5b53a74e4c0aa493ceeb6e75c72436 values(68446318,105327722,856370,'BROAD_EQUCAB2.0:2008.08.08','NC_009146.2:g.1896229C>A',1896229,1896229,'C','NW_001867410.1:g.1896229C>A',1896229,1896229,'C','A','A/C','NW_001867410.1',1896228,1896228,2,3,1896229,1896229,1,1,1,1,1,'./.,./.,./.,./.,./.,./.,./.,A/C','[{''pop_id'' : 12179, ''pop_name'' : ''EQUUS_CABALLUS'', ''freq_info'' : [{''allele'' : ''A'', ''cnt'' : 1.0, ''freq'' : 0.5}, {''allele'' : ''C'', ''cnt'' : 1.0, ''freq'' : 0.5}]}]',8061962);
INSERT INTO dbsnp_variant_load_6b5b53a74e4c0aa493ceeb6e75c72436 values(68445603,105331618,856370,'BROAD_EQUCAB2.0:2008.08.08','NC_009146.2:g.3835589G>C',3835589,3835589,'G','NW_001867410.1:g.3835589G>C',3835589,3835589,'G','C','C/G','NW_001867410.1',3835588,3835588,2,3,3835589,3835589,1,1,1,1,1,'./.,./.,./.,./.,./.,./.,./.,C/G','[{''pop_id'' : 12179, ''pop_name'' : ''EQUUS_CABALLUS'', ''freq_info'' : [{''allele'' : ''G'', ''cnt'' : 1.0, ''freq'' : 0.5}, {''allele'' : ''C'', ''cnt'' : 1.0, ''freq'' : 0.5}]}]',8061904);
INSERT INTO dbsnp_variant_load_6b5b53a74e4c0aa493ceeb6e75c72436 values(68445615,105331630,856370,'BROAD_EQUCAB2.0:2008.08.08','NC_009146.2:g.3841466A>C',3841466,3841466,'A','NW_001867410.1:g.3841466A>C',3841466,3841466,'A','C','C/A','NW_001867410.1',3841465,3841465,2,3,3841466,3841466,1,1,1,1,1,'./.,./.,C/A,./.,./.,./.,./.,./.','[{''pop_id'' : 12179, ''pop_name'' : ''EQUUS_CABALLUS'', ''freq_info'' : [{''allele'' : ''C'', ''cnt'' : 1.0, ''freq'' : 0.5}, {''allele'' : ''A'', ''cnt'' : 1.0, ''freq'' : 0.5}]}]',8061906);
INSERT INTO dbsnp_variant_load_6b5b53a74e4c0aa493ceeb6e75c72436 values(68445632,105331647,856370,'BROAD_EQUCAB2.0:2008.08.08','NC_009145.2:g.3394556G>C',3394556,3394556,'G','NW_001867402.1:g.3394556G>C',3394556,3394556,'G','C','C/G','NW_001867402.1',3394555,3394555,2,2,3394556,3394556,1,1,1,1,1,'./.,./.,./.,./.,./.,./.,./.,C/G','[{''pop_id'' : 12179, ''pop_name'' : ''EQUUS_CABALLUS'', ''freq_info'' : [{''allele'' : ''C'', ''cnt'' : 1.0, ''freq'' : 0.5}, {''allele'' : ''G'', ''cnt'' : 1.0, ''freq'' : 0.5}]}]',8061908);
INSERT INTO dbsnp_variant_load_6b5b53a74e4c0aa493ceeb6e75c72436 values(68445634,105331649,856370,'BROAD_EQUCAB2.0:2008.08.08','NC_009146.2:g.3863858T>A',3863858,3863858,'T','NW_001867410.1:g.3863858T>A',3863858,3863858,'T','A','A/T','NW_001867410.1',3863857,3863857,2,3,3863858,3863858,1,1,1,1,1,'./.,./.,./.,./.,./.,./.,./.,A/T','[{''pop_id'' : 12179, ''pop_name'' : ''EQUUS_CABALLUS'', ''freq_info'' : [{''allele'' : ''A'', ''cnt'' : 1.0, ''freq'' : 0.5}, {''allele'' : ''T'', ''cnt'' : 1.0, ''freq'' : 0.5}]}]',8061909);
INSERT INTO dbsnp_variant_load_6b5b53a74e4c0aa493ceeb6e75c72436 values(68445646,105331661,856370,'BROAD_EQUCAB2.0:2008.08.08','NC_009146.2:g.3866565G>T',3866565,3866565,'G','NW_001867410.1:g.3866565G>T',3866565,3866565,'G','T','T/G','NW_001867410.1',3866564,3866564,2,3,3866565,3866565,1,1,1,1,1,'./.,./.,./.,./.,./.,./.,./.,T/G','[{''pop_id'' : 12179, ''pop_name'' : ''EQUUS_CABALLUS'', ''freq_info'' : [{''allele'' : ''T'', ''cnt'' : 1.0, ''freq'' : 0.5}, {''allele'' : ''G'', ''cnt'' : 1.0, ''freq'' : 0.5}]}]',8061910);
INSERT INTO dbsnp_variant_load_6b5b53a74e4c0aa493ceeb6e75c72436 values(68445651,105331666,856370,'BROAD_EQUCAB2.0:2008.08.08','NC_009145.2:g.3403761A>G',3403761,3403761,'A','NW_001867402.1:g.3403761A>G',3403761,3403761,'A','G','G/A','NW_001867402.1',3403760,3403760,2,2,3403761,3403761,1,1,1,1,1,'./.,./.,./.,./.,./.,./.,./.,G/A','[{''pop_id'' : 12179, ''pop_name'' : ''EQUUS_CABALLUS'', ''freq_info'' : [{''allele'' : ''G'', ''cnt'' : 1.0, ''freq'' : 0.5}, {''allele'' : ''A'', ''cnt'' : 1.0, ''freq'' : 0.5}]}]',8061911);
INSERT INTO dbsnp_variant_load_6b5b53a74e4c0aa493ceeb6e75c72436 values(68445655,105331670,856370,'BROAD_EQUCAB2.0:2008.08.08','NC_009145.2:g.3405736T>C',3405736,3405736,'T','NW_001867402.1:g.3405736T>C',3405736,3405736,'T','C','C/T','NW_001867402.1',3405735,3405735,2,2,3405736,3405736,1,1,1,1,1,'./.,./.,./.,./.,./.,./.,./.,C/T','[{''pop_id'' : 12179, ''pop_name'' : ''EQUUS_CABALLUS'', ''freq_info'' : [{''allele'' : ''C'', ''cnt'' : 1.0, ''freq'' : 0.5}, {''allele'' : ''T'', ''cnt'' : 1.0, ''freq'' : 0.5}]}]',8061912);
INSERT INTO dbsnp_variant_load_6b5b53a74e4c0aa493ceeb6e75c72436 values(68445662,105331677,856370,'BROAD_EQUCAB2.0:2008.08.08','NC_009146.2:g.3872161T>G',3872161,3872161,'T','NW_001867410.1:g.3872161T>G',3872161,3872161,'T','G','G/T','NW_001867410.1',3872160,3872160,2,3,3872161,3872161,1,1,1,1,1,'./.,./.,./.,./.,./.,./.,./.,G/T','[{''pop_id'' : 12179, ''pop_name'' : ''EQUUS_CABALLUS'', ''freq_info'' : [{''allele'' : ''T'', ''cnt'' : 1.0, ''freq'' : 0.5}, {''allele'' : ''G'', ''cnt'' : 1.0, ''freq'' : 0.5}]}]',8061914);
INSERT INTO dbsnp_variant_load_6b5b53a74e4c0aa493ceeb6e75c72436 values(68445712,105332626,856370,'BROAD_EQUCAB2.0:2008.08.08','NC_009146.2:g.4435892C>T',4435892,4435892,'C','NW_001867410.1:g.4435892C>T',4435892,4435892,'C','T','T/C','NW_001867410.1',4435891,4435891,2,3,4435892,4435892,1,1,1,1,1,'./.,./.,./.,./.,./.,./.,./.,T/C','[{''pop_id'' : 12179, ''pop_name'' : ''EQUUS_CABALLUS'', ''freq_info'' : [{''allele'' : ''T'', ''cnt'' : 1.0, ''freq'' : 0.5}, {''allele'' : ''C'', ''cnt'' : 1.0, ''freq'' : 0.5}]}]',8061916);
INSERT INTO dbsnp_variant_load_6b5b53a74e4c0aa493ceeb6e75c72436 values(68445729,105332643,856370,'BROAD_EQUCAB2.0:2008.08.08','NC_009146.2:g.4445629C>T',4445629,4445629,'C','NW_001867410.1:g.4445629C>T',4445629,4445629,'C','T','T/C','NW_001867410.1',4445628,4445628,2,3,4445629,4445629,1,1,1,1,1,'./.,T/C,./.,./.,./.,./.,./.,./.','[{''pop_id'' : 12179, ''pop_name'' : ''EQUUS_CABALLUS'', ''freq_info'' : [{''allele'' : ''C'', ''cnt'' : 1.0, ''freq'' : 0.5}, {''allele'' : ''T'', ''cnt'' : 1.0, ''freq'' : 0.5}]}]',8061918);
INSERT INTO dbsnp_variant_load_6b5b53a74e4c0aa493ceeb6e75c72436 values(68445730,105332644,856370,'BROAD_EQUCAB2.0:2008.08.08','NC_009145.2:g.4167999T>A',4167999,4167999,'T','NW_001867402.1:g.4167999T>A',4167999,4167999,'T','A','A/T','NW_001867402.1',4167998,4167998,2,2,4167999,4167999,1,1,1,1,1,'./.,./.,./.,./.,./.,./.,./.,A/T','[{''pop_id'' : 12179, ''pop_name'' : ''EQUUS_CABALLUS'', ''freq_info'' : [{''allele'' : ''T'', ''cnt'' : 1.0, ''freq'' : 0.5}, {''allele'' : ''A'', ''cnt'' : 1.0, ''freq'' : 0.5}]}]',8061919);
INSERT INTO dbsnp_variant_load_6b5b53a74e4c0aa493ceeb6e75c72436 values(68445738,105332652,856370,'BROAD_EQUCAB2.0:2008.08.08','NC_009145.2:g.4173537T>C',4173537,4173537,'T','NW_001867402.1:g.4173537T>C',4173537,4173537,'T','C','C/T','NW_001867402.1',4173536,4173536,2,2,4173537,4173537,1,1,1,1,1,'./.,./.,./.,./.,C/T,./.,./.,C/T','[{''pop_id'' : 12179, ''pop_name'' : ''EQUUS_CABALLUS'', ''freq_info'' : [{''allele'' : ''T'', ''cnt'' : 2.0, ''freq'' : 0.5}, {''allele'' : ''C'', ''cnt'' : 2.0, ''freq'' : 0.5}]}]',8061920);
INSERT INTO dbsnp_variant_load_6b5b53a74e4c0aa493ceeb6e75c72436 values(68445762,105332676,856370,'BROAD_EQUCAB2.0:2008.08.08','NC_009145.2:g.4185644C>T',4185644,4185644,'C','NW_001867402.1:g.4185644C>T',4185644,4185644,'C','T','T/C','NW_001867402.1',4185643,4185643,2,2,4185644,4185644,1,1,1,1,1,'./.,./.,./.,./.,./.,./.,./.,T/C','[{''pop_id'' : 12179, ''pop_name'' : ''EQUUS_CABALLUS'', ''freq_info'' : [{''allele'' : ''T'', ''cnt'' : 1.0, ''freq'' : 0.5}, {''allele'' : ''C'', ''cnt'' : 1.0, ''freq'' : 0.5}]}]',8061922);
INSERT INTO dbsnp_variant_load_6b5b53a74e4c0aa493ceeb6e75c72436 values(68445764,105332678,856370,'BROAD_EQUCAB2.0:2008.08.08','NC_009145.2:g.4186256A>G',4186256,4186256,'A','NW_001867402.1:g.4186256A>G',4186256,4186256,'A','G','G/A','NW_001867402.1',4186255,4186255,2,2,4186256,4186256,1,1,1,1,1,'./.,./.,./.,./.,./.,./.,./.,G/A','[{''pop_id'' : 12179, ''pop_name'' : ''EQUUS_CABALLUS'', ''freq_info'' : [{''allele'' : ''A'', ''cnt'' : 1.0, ''freq'' : 0.5}, {''allele'' : ''G'', ''cnt'' : 1.0, ''freq'' : 0.5}]}]',8061923);
INSERT INTO dbsnp_variant_load_6b5b53a74e4c0aa493ceeb6e75c72436 values(68445007,105333611,856370,'BROAD_EQUCAB2.0:2008.08.08','NC_009145.2:g.4735774C>T',4735774,4735774,'C','NW_001867402.1:g.4735774C>T',4735774,4735774,'C','T','T/C','NW_001867402.1',4735773,4735773,2,2,4735774,4735774,1,1,1,1,1,'T/C,./.,./.,./.,./.,./.,./.,./.','[{''pop_id'' : 12179, ''pop_name'' : ''EQUUS_CABALLUS'', ''freq_info'' : [{''allele'' : ''C'', ''cnt'' : 1.0, ''freq'' : 0.5}, {''allele'' : ''T'', ''cnt'' : 1.0, ''freq'' : 0.5}]}]',8061874);
INSERT INTO dbsnp_variant_load_6b5b53a74e4c0aa493ceeb6e75c72436 values(68445009,105333613,856370,'BROAD_EQUCAB2.0:2008.08.08','NC_009145.2:g.4735878C>G',4735878,4735878,'C','NW_001867402.1:g.4735878C>G',4735878,4735878,'C','G','G/C','NW_001867402.1',4735877,4735877,2,2,4735878,4735878,1,1,1,1,1,'G/C,./.,./.,./.,./.,./.,./.,./.','[{''pop_id'' : 12179, ''pop_name'' : ''EQUUS_CABALLUS'', ''freq_info'' : [{''allele'' : ''C'', ''cnt'' : 1.0, ''freq'' : 0.5}, {''allele'' : ''G'', ''cnt'' : 1.0, ''freq'' : 0.5}]}]',8061875);
INSERT INTO dbsnp_variant_load_6b5b53a74e4c0aa493ceeb6e75c72436 values(68445050,105333654,856370,'BROAD_EQUCAB2.0:2008.08.08','NC_009145.2:g.4750520G>C',4750520,4750520,'G','NW_001867402.1:g.4750520G>C',4750520,4750520,'G','C','C/G','NW_001867402.1',4750519,4750519,2,2,4750520,4750520,1,1,1,1,1,'./.,./.,./.,./.,./.,./.,./.,C/G','[{''pop_id'' : 12179, ''pop_name'' : ''EQUUS_CABALLUS'', ''freq_info'' : [{''allele'' : ''C'', ''cnt'' : 1.0, ''freq'' : 0.5}, {''allele'' : ''G'', ''cnt'' : 1.0, ''freq'' : 0.5}]}]',8061877);
INSERT INTO dbsnp_variant_load_6b5b53a74e4c0aa493ceeb6e75c72436 values(68445066,105333670,856370,'BROAD_EQUCAB2.0:2008.08.08','NC_009145.2:g.4751738C>T',4751738,4751738,'C','NW_001867402.1:g.4751738C>T',4751738,4751738,'C','T','T/C','NW_001867402.1',4751737,4751737,2,2,4751738,4751738,1,1,1,1,1,'./.,./.,./.,./.,./.,./.,./.,T/C','[{''pop_id'' : 12179, ''pop_name'' : ''EQUUS_CABALLUS'', ''freq_info'' : [{''allele'' : ''C'', ''cnt'' : 1.0, ''freq'' : 0.5}, {''allele'' : ''T'', ''cnt'' : 1.0, ''freq'' : 0.5}]}]',8061879);
INSERT INTO dbsnp_variant_load_6b5b53a74e4c0aa493ceeb6e75c72436 values(68445068,105333672,856370,'BROAD_EQUCAB2.0:2008.08.08','NC_009145.2:g.4751954T>C',4751954,4751954,'T','NW_001867402.1:g.4751954T>C',4751954,4751954,'T','C','C/T','NW_001867402.1',4751953,4751953,2,2,4751954,4751954,1,1,1,1,1,'./.,./.,./.,./.,./.,./.,./.,C/T','[{''pop_id'' : 12179, ''pop_name'' : ''EQUUS_CABALLUS'', ''freq_info'' : [{''allele'' : ''T'', ''cnt'' : 1.0, ''freq'' : 0.5}, {''allele'' : ''C'', ''cnt'' : 1.0, ''freq'' : 0.5}]}]',8061880);
INSERT INTO dbsnp_variant_load_6b5b53a74e4c0aa493ceeb6e75c72436 values(68445078,105333682,856370,'BROAD_EQUCAB2.0:2008.08.08','NC_009146.2:g.4874045G>C',4874045,4874045,'G','NW_001867410.1:g.4874045G>C',4874045,4874045,'G','C','C/G','NW_001867410.1',4874044,4874044,2,3,4874045,4874045,1,1,1,1,1,'./.,./.,./.,./.,./.,./.,./.,C/G','[{''pop_id'' : 12179, ''pop_name'' : ''EQUUS_CABALLUS'', ''freq_info'' : [{''allele'' : ''G'', ''cnt'' : 1.0, ''freq'' : 0.5}, {''allele'' : ''C'', ''cnt'' : 1.0, ''freq'' : 0.5}]}]',8061881);
INSERT INTO dbsnp_variant_load_6b5b53a74e4c0aa493ceeb6e75c72436 values(68444712,105421616,856370,'BROAD_EQUCAB2.0:2008.08.08','NC_009145.2:g.93509132G>A',93509132,93509132,'G','NW_001867405.1:g.19904841G>A',19904841,19904841,'G','A','A/G','NW_001867405.1',19904840,19904840,2,2,93509132,93509132,1,1,1,1,1,'./.,./.,./.,./.,./.,./.,./.,A/G','[{''pop_id'' : 12179, ''pop_name'' : ''EQUUS_CABALLUS'', ''freq_info'' : [{''allele'' : ''G'', ''cnt'' : 1.0, ''freq'' : 0.5}, {''allele'' : ''A'', ''cnt'' : 1.0, ''freq'' : 0.5}]}]',8061861);
INSERT INTO dbsnp_variant_load_6b5b53a74e4c0aa493ceeb6e75c72436 values(68444717,105421621,856370,'BROAD_EQUCAB2.0:2008.08.08','NC_009145.2:g.93510062C>T',93510062,93510062,'C','NW_001867405.1:g.19905771C>T',19905771,19905771,'C','T','T/C','NW_001867405.1',19905770,19905770,2,2,93510062,93510062,1,1,1,1,1,'./.,./.,./.,./.,./.,./.,./.,T/C','[{''pop_id'' : 12179, ''pop_name'' : ''EQUUS_CABALLUS'', ''freq_info'' : [{''allele'' : ''T'', ''cnt'' : 1.0, ''freq'' : 0.5}, {''allele'' : ''C'', ''cnt'' : 1.0, ''freq'' : 0.5}]}]',8061862);
INSERT INTO dbsnp_variant_load_6b5b53a74e4c0aa493ceeb6e75c72436 values(68446508,105428712,856370,'BROAD_EQUCAB2.0:2008.08.08','NC_009145.2:g.110850725A>C',110850725,110850725,'A','NW_001867405.1:g.37246434A>C',37246434,37246434,'A','C','C/A','NW_001867405.1',37246433,37246433,2,2,110850725,110850725,1,1,1,1,1,'./.,./.,./.,./.,./.,./.,./.,C/A','[{''pop_id'' : 12179, ''pop_name'' : ''EQUUS_CABALLUS'', ''freq_info'' : [{''allele'' : ''A'', ''cnt'' : 1.0, ''freq'' : 0.5}, {''allele'' : ''C'', ''cnt'' : 1.0, ''freq'' : 0.5}]}]',8061972);
INSERT INTO dbsnp_variant_load_6b5b53a74e4c0aa493ceeb6e75c72436 values(68446537,105428741,856370,'BROAD_EQUCAB2.0:2008.08.08','NC_009145.2:g.110868034C>T',110868034,110868034,'C','NW_001867405.1:g.37263743C>T',37263743,37263743,'C','T','T/C','NW_001867405.1',37263742,37263742,2,2,110868034,110868034,1,1,1,1,1,'./.,./.,./.,./.,./.,./.,./.,T/C','[{''pop_id'' : 12179, ''pop_name'' : ''EQUUS_CABALLUS'', ''freq_info'' : [{''allele'' : ''T'', ''cnt'' : 1.0, ''freq'' : 0.5}, {''allele'' : ''C'', ''cnt'' : 1.0, ''freq'' : 0.5}]}]',8061974);
INSERT INTO dbsnp_variant_load_6b5b53a74e4c0aa493ceeb6e75c72436 values(68446546,105428750,856370,'BROAD_EQUCAB2.0:2008.08.08','NC_009145.2:g.110889188T>C',110889188,110889188,'T','NW_001867405.1:g.37284897T>C',37284897,37284897,'T','C','C/T','NW_001867405.1',37284896,37284896,2,2,110889188,110889188,1,1,1,1,1,'./.,./.,./.,./.,./.,./.,./.,C/T','[{''pop_id'' : 12179, ''pop_name'' : ''EQUUS_CABALLUS'', ''freq_info'' : [{''allele'' : ''T'', ''cnt'' : 1.0, ''freq'' : 0.5}, {''allele'' : ''C'', ''cnt'' : 1.0, ''freq'' : 0.5}]}]',8061975);
INSERT INTO dbsnp_variant_load_6b5b53a74e4c0aa493ceeb6e75c72436 values(68446547,105428751,856370,'BROAD_EQUCAB2.0:2008.08.08','NC_009145.2:g.110890172G>A',110890172,110890172,'G','NW_001867405.1:g.37285881G>A',37285881,37285881,'G','A','A/G','NW_001867405.1',37285880,37285880,2,2,110890172,110890172,1,1,1,1,1,'./.,./.,./.,./.,./.,./.,./.,A/G','[{''pop_id'' : 12179, ''pop_name'' : ''EQUUS_CABALLUS'', ''freq_info'' : [{''allele'' : ''A'', ''cnt'' : 1.0, ''freq'' : 0.5}, {''allele'' : ''G'', ''cnt'' : 1.0, ''freq'' : 0.5}]}]',8061976);
INSERT INTO dbsnp_variant_load_6b5b53a74e4c0aa493ceeb6e75c72436 values(68446552,105428756,856370,'BROAD_EQUCAB2.0:2008.08.08','NC_009145.2:g.110898537T>C',110898537,110898537,'T','NW_001867405.1:g.37294246T>C',37294246,37294246,'T','C','C/T','NW_001867405.1',37294245,37294245,2,2,110898537,110898537,1,1,1,1,1,'./.,./.,./.,./.,C/T,./.,./.,./.','[{''pop_id'' : 12179, ''pop_name'' : ''EQUUS_CABALLUS'', ''freq_info'' : [{''allele'' : ''C'', ''cnt'' : 1.0, ''freq'' : 0.5}, {''allele'' : ''T'', ''cnt'' : 1.0, ''freq'' : 0.5}]}]',8061977);
INSERT INTO dbsnp_variant_load_6b5b53a74e4c0aa493ceeb6e75c72436 values(68446597,105428801,856370,'BROAD_EQUCAB2.0:2008.08.08','NC_009145.2:g.111035981T>A',111035981,111035981,'T','NW_001867405.1:g.37431690T>A',37431690,37431690,'T','A','A/T','NW_001867405.1',37431689,37431689,2,2,111035981,111035981,1,1,1,1,1,'./.,./.,./.,./.,./.,./.,./.,A/T','[{''pop_id'' : 12179, ''pop_name'' : ''EQUUS_CABALLUS'', ''freq_info'' : [{''allele'' : ''T'', ''cnt'' : 1.0, ''freq'' : 0.5}, {''allele'' : ''A'', ''cnt'' : 1.0, ''freq'' : 0.5}]}]',8061979);
INSERT INTO dbsnp_variant_load_6b5b53a74e4c0aa493ceeb6e75c72436 values(68447105,105428809,856370,'BROAD_EQUCAB2.0:2008.08.08','NC_009145.2:g.111039326T>A',111039326,111039326,'T','NW_001867405.1:g.37435035T>A',37435035,37435035,'T','A','A/T','NW_001867405.1',37435034,37435034,2,2,111039326,111039326,1,1,1,1,1,'./.,./.,./.,./.,./.,./.,./.,A/T','[{''pop_id'' : 12179, ''pop_name'' : ''EQUUS_CABALLUS'', ''freq_info'' : [{''allele'' : ''T'', ''cnt'' : 1.0, ''freq'' : 0.5}, {''allele'' : ''A'', ''cnt'' : 1.0, ''freq'' : 0.5}]}]',8062017);
INSERT INTO dbsnp_variant_load_6b5b53a74e4c0aa493ceeb6e75c72436 values(25,55,84764,'BROAD_EQUCAB2.0:2008.08.08','NC_009145.2:g.111039326T>A',111039326,111039326,'T','NW_001867405.1:g.37435035T>A',37435035,37435035,'T','A','A/T','NW_001867405.1',37435034,37435034,2,2,111039326,111039326,1,1,1,1,1,'./.,./.,./.,./.,./.,./.,./.,A/T','[{''pop_id'' : 12179, ''pop_name'' : ''EQUUS_CABALLUS'', ''freq_info'' : [{''allele'' : ''T'', ''cnt'' : 1.0, ''freq'' : 0.5}, {''allele'' : ''A'', ''cnt'' : 1.0, ''freq'' : 0.5}]}]',8062017);

-- this is for another assembly, which means another table
INSERT INTO dbsnp_variant_load_5a3bef263361f044777352af0ac2a90c values(252,552,856370,'BROAD_EQUCAB2.0:2008.08.08','NC_009145.2:g.111039326T>A',111039326,111039326,'T','NW_001867405.1:g.37435035T>A',37435035,37435035,'T','A','A/T','NW_001867405.1',37435034,37435034,2,2,111039326,111039326,1,1,1,1,1,'./.,./.,./.,./.,./.,./.,./.,A/T','[{''pop_id'' : 12179, ''pop_name'' : ''EQUUS_CABALLUS'', ''freq_info'' : [{''allele'' : ''T'', ''cnt'' : 1.0, ''freq'' : 0.5}, {''allele'' : ''A'', ''cnt'' : 1.0, ''freq'' : 0.5}]}]',8062017);

